well_no,bottom_depth,top_depth,is_reservoir,reservoir_no,
CB111,1190.4,1193.5,0,1,0
CB111,1193.5,1195,1,2,0
CB111,1195,1210.8,0,3,0
CB111,1210.8,1213,1,4,0
CB111,1213,1231.4,0,5,0
CB111,1231.4,1235.3,1,6,0
CB111,1235.3,1253.1,0,7,0
CB111,1253.1,1254.1,1,8,0
CB111,1254.1,1260.2,0,9,0
CB111,1260.2,1269.6,1,10,0
CB111,1269.6,1283,0,11,0
CB111,1283,1284,1,12,0
CB111,1284,1300,0,13,0
CB111,1300,1300.8,1,14,0
CB111,1300.8,1308,0,15,0
CB111,1308,1309.2,1,16,0
CB111,1309.2,1316.8,0,17,0
CB111,1316.8,1318.3,1,18,0
CB111,1318.3,1324.4,0,19,0
CB111,1324.4,1327.2,1,20,0
CB111,1327.2,1347,0,21,0
CB111,1347,1350.5,1,22,0
CB111,1350.5,1353.8,0,23,0
CB111,1353.8,1358.8,1,24,0
CB111,1358.8,1375,0,25,0
CB111,1375,1377.5,1,26,0
CB111,1377.5,1391.3,0,27,0
CB111,1391.3,1395,1,28,0
CB111,1395,1403.7,0,29,0
CB111,1403.7,1404.6,1,30,0
CB111,1404.6,1405.7,0,31,0
CB111,1405.7,1407.8,1,32,0
CB111,1407.8,1433.9,0,33,0
CB111,1433.9,1436.9,1,34,0
CB111,1436.9,1438.5,0,35,0
CB111,1438.5,1441.6,1,36,0
CB111,1441.6,1452.3,0,37,0
CB111,1452.3,1453.7,1,38,0
CB111,1453.7,1463.2,0,39,0
CB111,1463.2,1464.8,1,40,0
CB111,1464.8,1468.2,0,41,0
CB111,1468.2,1470.8,1,42,0
CB111,1470.8,1478,0,43,0
CB111,1478,1479.2,1,44,0
CB111,1479.2,1480.7,0,45,0
CB111,1480.7,1482.1,1,46,0
CB111,1482.1,1487.1,0,47,0
CB111,1487.1,1495.2,1,48,0
CB111,1495.2,1501.8,0,49,0
CB111,1501.8,1510.8,1,50,0
CB111,1510.8,1513.3,0,51,0
CB111,1513.3,1515.2,1,52,0
CB111,1515.2,1516.4,0,53,0
CB111,1516.4,1523.7,1,54,0
CB111,1523.7,1526.9,0,55,0
CB111,1526.9,1528.2,1,56,0
CB111,1528.2,1549.6,0,57,0
CB111,1549.6,1579.6,1,58,0
CB111,1579.6,1586,0,59,0
CB111,1586,1594.5,1,60,0
CB111,1594.5,1596,0,61,0
CB111,1596,1623,1,62,0
CB111,1623,1626.5,0,63,0
CB111,1626.5,1651.5,1,64,0
CB111,1651.5,1661,0,65,0
CB111,1661,1668.5,1,66,0
CB111,1668.5,1672.7,0,67,-406.5
CB19,1266.2,1272,0,1,0
CB19,1272,1275,1,2,0
CB19,1275,1281,0,3,0
CB19,1281,1282.5,1,4,0
CB19,1282.5,1285.5,0,5,0
CB19,1285.5,1288,1,6,0
CB19,1288,1300.5,0,7,0
CB19,1300.5,1308,1,8,0
CB19,1308,1311,0,9,0
CB19,1311,1316,1,10,0
CB19,1316,1322,0,11,0
CB19,1322,1324.5,1,12,0
CB19,1324.5,1355,0,13,0
CB19,1355,1358,1,14,0
CB19,1358,1362,0,15,0
CB19,1362,1364,1,16,0
CB19,1364,1365.5,0,17,0
CB19,1365.5,1368,1,18,0
CB19,1368,1375.5,0,19,0
CB19,1375.5,1379.5,1,20,0
CB19,1379.5,1383.5,0,21,0
CB19,1383.5,1388,1,22,0
CB19,1388,1391.5,0,23,0
CB19,1391.5,1394,1,24,0
CB19,1394,1397.5,0,25,0
CB19,1397.5,1403.5,1,26,0
CB19,1403.5,1409,0,27,0
CB19,1409,1414.5,1,28,0
CB19,1414.5,1419,0,29,0
CB19,1419,1421,1,30,0
CB19,1421,1424,0,31,0
CB19,1424,1427,1,32,0
CB19,1427,1437,0,33,0
CB19,1437,1438,1,34,0
CB19,1438,1439.5,0,35,0
CB19,1439.5,1443.5,1,36,0
CB19,1443.5,1447,0,37,0
CB19,1447,1449,1,38,0
CB19,1449,1455.5,0,39,0
CB19,1455.5,1456.5,1,40,0
CB19,1456.5,1463,0,41,0
CB19,1463,1465,1,42,0
CB19,1465,1468,0,43,0
CB19,1468,1470,1,44,0
CB19,1470,1473.5,0,45,0
CB19,1473.5,1475.5,1,46,0
CB19,1475.5,1480,0,47,0
CB19,1480,1481.5,1,48,0
CB19,1481.5,1486,0,49,0
CB19,1486,1489,1,50,0
CB19,1489,1490,0,51,0
CB19,1490,1493,1,52,0
CB19,1493,1496.5,0,53,0
CB19,1496.5,1497.5,1,54,0
CB19,1497.5,1503,0,55,0
CB19,1503,1506,1,56,0
CB19,1506,1507.5,0,57,0
CB19,1507.5,1509.5,1,58,0
CB19,1509.5,1511.5,0,59,0
CB19,1511.5,1519,1,60,0
CB19,1519,1529,0,61,0
CB19,1529,1534,1,62,0
CB19,1534,1535,0,63,0
CB19,1535,1536.5,1,64,0
CB19,1536.5,1538,0,65,0
CB19,1538,1540.5,1,66,0
CB19,1540.5,1544,0,67,0
CB19,1544,1549.5,1,68,0
CB19,1549.5,1553,0,69,0
CB19,1553,1554.5,1,70,0
CB19,1554.5,1558.5,0,71,0
CB19,1558.5,1571,1,72,0
CB19,1571,1577,0,73,0
CB19,1577,1581,1,74,0
CB19,1581,1584,0,75,0
CB19,1584,1586,1,76,0
CB19,1586,1592,0,77,0
CB19,1592,1593,1,78,0
CB19,1593,1596,0,79,0
CB19,1596,1597,1,80,0
CB19,1597,1600.5,0,81,0
CB19,1600.5,1602,1,82,0
CB19,1602,1607,0,83,0
CB19,1607,1610,1,84,0
CB19,1610,1612,0,85,0
CB19,1612,1647,1,86,0
CB19,1647,1651,0,87,0
CB19,1651,1656,1,88,0
CB19,1656,1658,0,89,0
CB19,1658,1675.5,1,90,0
CB19,1675.5,1677,0,91,0
CB19,1677,1687.5,1,92,0
CB19,1687.5,1689.5,0,93,0
CB19,1689.5,1690.5,1,94,0
CB19,1690.5,1691,0,95,0
CB19,1691,1692,1,96,0
CB19,1692,1693,0,97,0
CB19,1693,1694,1,98,0
CB19,1694,1696,0,99,0
CB19,1696,1726,1,100,0
CB19,1726,1727.5,0,101,0
CB19,1727.5,1729.5,1,102,0
CB19,1729.5,1730.5,0,103,0
CB19,1730.5,1735.5,1,104,0
CB19,1735.5,1746.5,0,105,0
CB19,1746.5,1748,1,106,0
CB19,1748,1761,0,107,0
CB19,1761,1762,1,108,0
CB19,1762,1767,0,109,0
CB19,1767,1768,1,110,0
CB19,1768,1771,0,111,0
CB19,1771,1780.5,1,112,0
CB19,1780.5,1785.5,0,113,0
CB19,1785.5,1788,1,114,0
CB19,1788,1790,0,115,0
CB19,1790,1792,1,116,0
CB19,1792,1795,0,117,0
CB19,1795,1796.5,1,118,0
CB19,1796.5,1798,0,119,0
CB19,1798,1800,1,120,0
CB19,1800,1802.7,0,121,-691.8
CB203,1110.9,1135,0,1,0
CB203,1135,1142,1,2,0
CB203,1142,1145.5,0,3,0
CB203,1145.5,1146.5,1,4,0
CB203,1146.5,1156.5,0,5,0
CB203,1156.5,1158,1,6,0
CB203,1158,1172,0,7,0
CB203,1172,1173.5,1,8,0
CB203,1173.5,1183,0,9,0
CB203,1183,1186,1,10,0
CB203,1186,1189,0,11,0
CB203,1189,1191,1,12,0
CB203,1191,1210,0,13,0
CB203,1210,1212,1,14,0
CB203,1212,1219,0,15,0
CB203,1219,1221,1,16,0
CB203,1221,1234.5,0,17,0
CB203,1234.5,1237.5,1,18,0
CB203,1237.5,1240,0,19,0
CB203,1240,1242.5,1,20,0
CB203,1242.5,1265.5,0,21,0
CB203,1265.5,1266.5,1,22,0
CB203,1266.5,1267.5,0,23,0
CB203,1267.5,1268.5,1,24,0
CB203,1268.5,1298,0,25,0
CB203,1298,1299,1,26,0
CB203,1299,1309.5,0,27,0
CB203,1309.5,1310.5,1,28,0
CB203,1310.5,1312,0,29,0
CB203,1312,1312.5,1,30,0
CB203,1312.5,1322,0,31,0
CB203,1322,1324.5,1,32,0
CB203,1324.5,1341,0,33,0
CB203,1341,1355.5,1,34,0
CB203,1355.5,1365,0,35,0
CB203,1365,1367,1,36,0
CB203,1367,1368.5,0,37,0
CB203,1368.5,1373,1,38,0
CB203,1373,1376,0,39,0
CB203,1376,1378.5,1,40,0
CB203,1378.5,1389,0,41,0
CB203,1389,1404,1,42,0
CB203,1404,1415,0,43,0
CB203,1415,1418.5,1,44,0
CB203,1418.5,1423,0,45,0
CB203,1423,1426.5,1,46,0
CB203,1426.5,1441.7,0,47,-278.4
CB205,1163.3,1198,0,1,0
CB205,1198,1206.5,1,2,0
CB205,1206.5,1210.5,0,3,0
CB205,1210.5,1219.7,1,4,0
CB205,1219.7,1274.5,0,5,0
CB205,1274.5,1304.7,1,6,0
CB205,1304.7,1309.6,0,7,0
CB205,1309.6,1310.7,1,8,0
CB205,1310.7,1324,0,9,0
CB205,1324,1331.4,1,10,0
CB205,1331.4,1342.4,0,11,0
CB205,1342.4,1344,1,12,0
CB205,1344,1346,0,13,0
CB205,1346,1356,1,14,0
CB205,1356,1360.6,0,15,0
CB205,1360.6,1362.6,1,16,0
CB205,1362.6,1369.5,0,17,0
CB205,1369.5,1376,1,18,0
CB205,1376,1382,0,19,0
CB205,1382,1389.2,1,20,0
CB205,1389.2,1392.9,0,21,0
CB205,1392.9,1394.5,1,22,0
CB205,1394.5,1408,0,23,0
CB205,1408,1410.5,1,24,0
CB205,1410.5,1417.7,0,25,0
CB205,1417.7,1428,1,26,0
CB205,1428,1432,0,27,0
CB205,1432,1447.7,1,28,0
CB205,1447.7,1452,0,29,0
CB205,1452,1456.5,1,30,0
CB205,1456.5,1460.6,0,31,-204.3
CB206,1256.3,1262.6,1,1,0
CB206,1262.6,1281,0,2,0
CB206,1281,1283.4,1,3,0
CB206,1283.4,1305.8,0,4,0
CB206,1305.8,1307,1,5,0
CB206,1307,1374,0,6,0
CB206,1374,1375.6,1,7,0
CB206,1375.6,1384.3,0,8,0
CB206,1384.3,1386.8,1,9,0
CB206,1386.8,1399.1,0,10,0
CB206,1399.1,1403,1,11,0
CB206,1403,1410.4,0,12,0
CB206,1410.4,1411.5,1,13,0
CB206,1411.5,1432,0,14,0
CB206,1432,1446.1,1,15,0
CB206,1446.1,1458.5,0,16,0
CB206,1458.5,1459.5,1,17,0
CB206,1459.5,1461.3,0,18,0
CB206,1461.3,1468.8,1,19,0
CB206,1468.8,1494,0,20,0
CB206,1494,1498,1,21,0
CB206,1498,1510,0,22,0
CB206,1510,1516,1,23,0
CB206,1516,1524.8,0,24,0
CB206,1524.8,1528.4,1,25,0
CB206,1528.4,1562,0,26,0
CB206,1562,1564,1,27,0
CB206,1564,1566,0,28,0
CB206,1566,1569.2,1,29,-447.1
CB208,1122.1,1149.3,0,1,0
CB208,1149.3,1152.8,1,2,0
CB208,1152.8,1153.8,0,3,0
CB208,1153.8,1162.9,1,4,0
CB208,1162.9,1186.1,0,5,0
CB208,1186.1,1190.3,1,6,0
CB208,1190.3,1209.66,0,7,0
CB208,1209.66,1211.8,1,8,0
CB208,1211.8,1216.38,0,9,0
CB208,1216.38,1220.5,1,10,0
CB208,1220.5,1236.8,0,11,0
CB208,1236.8,1243.6,1,12,-4.6
CB208,1239,1242,0,13,1.6
CB208,1243.6,1266.5,0,14,0
CB208,1266.5,1269.2,1,15,0
CB208,1269.2,1272.6,0,16,0
CB208,1272.6,1277,1,17,0
CB208,1277,1283,0,18,0
CB208,1283,1285,1,19,0
CB208,1285,1289,0,20,0
CB208,1289,1291.2,1,21,0
CB208,1291.2,1298.8,0,22,0
CB208,1298.8,1302.9,1,23,0
CB208,1302.9,1323.1,0,24,0
CB208,1323.1,1325.6,1,25,0
CB208,1325.6,1329,0,26,0
CB208,1329,1332.1,1,27,0
CB208,1332.1,1336,0,28,0
CB208,1336,1349.3,1,29,0
CB208,1349.3,1364.5,0,30,0
CB208,1364.5,1373.7,1,31,-8.2
CB208,1365.5,1373.5,0,32,0.2
CB208,1373.7,1388.5,0,33,0
CB208,1388.5,1390.3,1,34,0
CB208,1390.3,1400.3,0,35,0
CB208,1400.3,1407,1,36,-6.7
CB208,1400.3,1404,0,37,3
CB208,1407,1414.1,0,38,0
CB208,1414.1,1417.4,1,39,0
CB208,1417.4,1422.1,0,40,0
CB208,1422.1,1428.2,1,41,0
CB208,1428.2,1434.6,0,42,0
CB208,1434.6,1439.7,1,43,0
CB208,1439.7,1456.5,0,44,0
CB208,1456.5,1461,1,45,0
CB208,1461,1467,0,46,0
CB208,1467,1468.7,1,47,0
CB208,1468.7,1470.8,0,48,0
CB208,1470.8,1475,1,49,0
CB208,1475,1479.2,0,50,0
CB208,1479.2,1481.3,1,51,0
CB208,1481.3,1486.2,0,52,0
CB208,1486.2,1506.4,1,53,0
CB208,1506.4,1519.9,0,54,0
CB208,1519.9,1602.2,1,55,-502.6
CB209,1099.6,1105.2,0,1,0
CB209,1105.2,1109.2,1,2,0
CB209,1109.2,1113.8,0,3,0
CB209,1113.8,1124.7,1,4,0
CB209,1124.7,1171,0,5,0
CB209,1171,1172.5,1,6,0
CB209,1172.5,1177,0,7,0
CB209,1177,1184.7,1,8,0
CB209,1184.7,1192.5,0,9,0
CB209,1192.5,1196,1,10,0
CB209,1196,1200.5,0,11,0
CB209,1200.5,1202.5,1,12,0
CB209,1202.5,1205,0,13,0
CB209,1205,1206.5,1,14,0
CB209,1206.5,1213.3,0,15,0
CB209,1213.3,1221,1,16,0
CB209,1221,1232,0,17,0
CB209,1232,1236.4,1,18,0
CB209,1236.4,1257.2,0,19,0
CB209,1257.2,1262.8,1,20,0
CB209,1262.8,1276.2,0,21,0
CB209,1276.2,1285.5,1,22,0
CB209,1285.5,1289.2,0,23,0
CB209,1289.2,1292.3,1,24,0
CB209,1292.3,1303.5,0,25,0
CB209,1303.5,1305,1,26,0
CB209,1305,1318,0,27,0
CB209,1318,1319.5,1,28,0
CB209,1319.5,1333.2,0,29,0
CB209,1333.2,1334.5,1,30,0
CB209,1334.5,1336,0,31,0
CB209,1336,1338.6,1,32,0
CB209,1338.6,1346.2,0,33,0
CB209,1346.2,1348.6,1,34,0
CB209,1348.6,1353,0,35,0
CB209,1353,1360.6,1,36,0
CB209,1360.6,1370,0,37,0
CB209,1370,1373.5,1,38,0
CB209,1373.5,1393.4,0,39,0
CB209,1393.4,1402.5,1,40,0
CB209,1402.5,1404.1,0,41,0
CB209,1404.1,1408.2,1,42,0
CB209,1408.2,1409.3,0,43,0
CB209,1409.3,1425.8,1,44,0
CB209,1425.8,1440.5,0,45,0
CB209,1440.5,1444.5,1,46,0
CB209,1444.5,1445.4,0,47,0
CB209,1445.4,1451.7,1,48,0
CB209,1451.7,1453.2,0,49,0
CB209,1453.2,1498.6,1,50,0
CB209,1498.6,1500.2,0,51,0
CB209,1500.2,1508.6,1,52,0
CB209,1508.6,1513,0,53,0
CB209,1513,1562.9,1,54,0
CB209,1562.9,1566.9,0,55,0
CB209,1566.9,1576.2,1,56,-364.558
CB211,1211.642,1250,0,1,0
CB211,1250,1255.8,1,2,0
CB211,1255.8,1314.5,0,3,0
CB211,1314.5,1317.5,1,4,0
CB211,1317.5,1326,0,5,0
CB211,1326,1331.1,1,6,0
CB211,1331.1,1354,0,7,0
CB211,1354,1359.2,1,8,0
CB211,1359.2,1378.2,0,9,0
CB211,1378.2,1381.1,1,10,0
CB211,1381.1,1383,0,11,0
CB211,1383,1385,1,12,0
CB211,1385,1393,0,13,0
CB211,1393,1398,1,14,0
CB211,1398,1402.6,0,15,0
CB211,1402.6,1420.9,1,16,0
CB211,1420.9,1429,0,17,0
CB211,1429,1433.5,1,18,0
CB211,1433.5,1442,0,19,0
CB211,1442,1451.5,1,20,0
CB211,1451.5,1454.5,0,21,0
CB211,1454.5,1463.5,1,22,0
CB211,1463.5,1468,0,23,0
CB211,1468,1487.5,1,24,0
CB211,1487.5,1489.5,0,25,0
CB211,1489.5,1496.5,1,26,0
CB211,1496.5,1509,0,27,0
CB211,1509,1511,1,28,0
CB211,1511,1519,0,29,0
CB211,1519,1519.849,1,30,-306.249
CB22,1213.6,1215,0,1,0
CB22,1215,1217,1,2,0
CB22,1217,1245,0,3,0
CB22,1245,1258.6,1,4,-0.1
CB22,1258.5,1277,0,5,0
CB22,1277,1279.5,1,6,0
CB22,1279.5,1290.5,0,7,0
CB22,1290.5,1292,1,8,0
CB22,1292,1301.5,0,9,0
CB22,1301.5,1308,1,10,0
CB22,1308,1322,0,11,0
CB22,1322,1326,1,12,0
CB22,1326,1337,0,13,0
CB22,1337,1338,1,14,0
CB22,1338,1339,0,15,0
CB22,1339,1341,1,16,0
CB22,1341,1346.5,0,17,0
CB22,1346.5,1353,1,18,0
CB22,1353,1355,0,19,0
CB22,1355,1356,1,20,0
CB22,1356,1358,0,21,0
CB22,1358,1360.5,1,22,0
CB22,1360.5,1367,0,23,0
CB22,1367,1372,1,24,0
CB22,1372,1373,0,25,0
CB22,1373,1374,1,26,0
CB22,1374,1376.5,0,27,0
CB22,1376.5,1378,1,28,0
CB22,1378,1379,0,29,-0.1
CB22,1378.9,1385.5,1,30,0
CB22,1385.5,1391,0,31,0
CB22,1391,1400,1,32,0
CB22,1400,1403,0,33,0
CB22,1403,1406,1,34,0
CB22,1406,1413.5,0,35,0
CB22,1413.5,1419,1,36,0
CB22,1419,1428,0,37,0
CB22,1428,1432,1,38,0
CB22,1432,1437,0,39,0
CB22,1437,1439,1,40,0
CB22,1439,1443,0,41,0
CB22,1443,1460,1,42,0
CB22,1460,1464,0,43,0
CB22,1464,1474,1,44,0
CB22,1474,1477,0,45,0
CB22,1477,1483,1,46,0
CB22,1483,1483.5,0,47,0
CB22,1483.5,1489,1,48,0
CB22,1489,1492.5,0,49,0
CB22,1492.5,1495,1,50,0
CB22,1495,1499,0,51,0
CB22,1499,1500.5,1,52,0
CB22,1500.5,1503,0,53,0
CB22,1503,1510,1,54,0
CB22,1510,1520.5,0,55,0
CB22,1520.5,1528,1,56,0
CB22,1528,1537.5,0,57,0
CB22,1537.5,1542,1,58,0
CB22,1542,1549.5,0,59,0
CB22,1549.5,1550.5,1,60,0
CB22,1550.5,1552.5,0,61,0
CB22,1552.5,1569,1,62,0
CB22,1569,1573,0,63,0
CB22,1573,1579,1,64,0
CB22,1579,1581.5,0,65,0
CB22,1581.5,1586.5,1,66,0
CB22,1586.5,1588,0,67,0
CB22,1588,1613,1,68,0
CB22,1613,1616.5,0,69,0
CB22,1616.5,1649,1,70,0
CB22,1649,1651.6,0,71,-313.9
CB23,1337.7,1340.5,0,1,0
CB23,1340.5,1341.5,1,2,0
CB23,1341.5,1351,0,3,0
CB23,1351,1356,1,4,0
CB23,1356,1376.5,0,5,0
CB23,1376.5,1378,1,6,0
CB23,1378,1405.5,0,7,0
CB23,1405.5,1406.5,1,8,0
CB23,1406.5,1417,0,9,0
CB23,1417,1418,1,10,0
CB23,1418,1426,0,11,0
CB23,1426,1426.5,1,12,0
CB23,1426.5,1436,0,13,0
CB23,1436,1438.5,1,14,0
CB23,1438.5,1445,0,15,0
CB23,1445,1445.5,1,16,0
CB23,1445.5,1447,0,17,0
CB23,1447,1450.5,1,18,0
CB23,1450.5,1457.5,0,19,0
CB23,1457.5,1458.5,1,20,0
CB23,1458.5,1461.5,0,21,0
CB23,1461.5,1463.5,1,22,0
CB23,1463.5,1470.5,0,23,0
CB23,1470.5,1473.6,1,24,6.9
CB23,1480.5,1492.5,0,25,0
CB23,1492.5,1500,1,26,0
CB23,1500,1542,0,27,0
CB23,1542,1560.5,1,28,0
CB23,1560.5,1563.5,0,29,0
CB23,1563.5,1564.5,1,30,0
CB23,1564.5,1582.5,0,31,0
CB23,1582.5,1583.5,1,32,0
CB23,1583.5,1591,0,33,0
CB23,1591,1593,1,34,0
CB23,1593,1595,0,35,0
CB23,1595,1616.5,1,36,0
CB23,1616.5,1618,0,37,0
CB23,1618,1630.5,1,38,0
CB23,1630.5,1631,0,39,0
CB23,1631,1649,1,40,0
CB23,1649,1650,0,41,0
CB23,1650,1651.5,1,42,0
CB23,1651.5,1658,0,43,0
CB23,1658,1689.5,1,44,0
CB23,1689.5,1694,0,45,0
CB23,1694,1723,1,46,0
CB23,1723,1733.5,0,47,-459.1
CB24,1274.4,1279,0,1,0
CB24,1279,1280,1,2,0
CB24,1280,1281,0,3,0
CB24,1281,1283,1,4,0
CB24,1283,1297,0,5,0
CB24,1297,1309.5,1,6,0
CB24,1309.5,1313,0,7,0
CB24,1313,1324,1,8,0
CB24,1324,1327.5,0,9,0
CB24,1327.5,1328.5,1,10,0
CB24,1328.5,1349,0,11,0
CB24,1349,1350,1,12,0
CB24,1350,1356.5,0,13,0
CB24,1356.5,1358,1,14,0
CB24,1358,1363,0,15,0
CB24,1363,1364,1,16,0
CB24,1364,1367.5,0,17,0
CB24,1367.5,1368.5,1,18,0
CB24,1368.5,1380,0,19,0
CB24,1380,1382,1,20,0
CB24,1382,1385.5,0,21,0
CB24,1385.5,1386.5,1,22,0
CB24,1386.5,1387.5,0,23,0
CB24,1387.5,1390.5,1,24,0
CB24,1390.5,1442,0,25,0
CB24,1442,1443,1,26,0
CB24,1443,1449,0,27,0
CB24,1449,1452.5,1,28,0
CB24,1452.5,1461.5,0,29,0
CB24,1461.5,1466.5,1,30,0
CB24,1466.5,1472,0,31,0
CB24,1472,1473.5,1,32,0
CB24,1473.5,1480,0,33,0
CB24,1480,1481,1,34,0
CB24,1481,1487.5,0,35,0
CB24,1487.5,1499,1,36,0
CB24,1499,1502,0,37,0
CB24,1502,1503.5,1,38,0
CB24,1503.5,1504,0,39,0
CB24,1504,1505.5,1,40,0
CB24,1505.5,1524.5,0,41,0
CB24,1524.5,1532.5,1,42,0
CB24,1532.5,1538.5,0,43,0
CB24,1538.5,1540,1,44,0
CB24,1540,1543.5,0,45,0
CB24,1543.5,1546.5,1,46,0
CB24,1546.5,1563.5,0,47,0
CB24,1563.5,1573,1,48,0
CB24,1573,1575,0,49,0
CB24,1575,1576,1,50,0
CB24,1576,1587,0,51,0
CB24,1587,1589.5,1,52,0
CB24,1589.5,1596.5,0,53,-0.1
CB24,1596.4,1610,1,54,0
CB24,1610,1616.5,0,55,0
CB24,1616.5,1617.5,1,56,0
CB24,1617.5,1619,0,57,0
CB24,1619,1629,1,58,0
CB24,1629,1630.5,0,59,0
CB24,1630.5,1633.5,1,60,0
CB24,1633.5,1635,0,61,0
CB24,1635,1642,1,62,0
CB24,1642,1643.5,0,63,0
CB24,1643.5,1693.5,1,64,0
CB24,1693.5,1698,0,65,0
CB24,1698,1702,1,66,0
CB24,1702,1703.5,0,67,0
CB24,1703.5,1721.5,1,68,0
CB24,1721.5,1723.5,0,69,0
CB24,1723.5,1731,1,70,0
CB24,1731,1750,0,71,0
CB24,1750,1758,1,72,0
CB24,1758,1771,0,73,0
CB24,1771,1773,1,74,0
CB24,1773,1774,0,75,0
CB24,1774,1776,1,76,0
CB24,1776,1805,0,77,0
CB24,1805,1819.5,1,78,0
CB24,1819.5,1820.3,0,79,-560.8
CB241,1259.5,1268,0,1,0
CB241,1268,1269,1,2,0
CB241,1269,1293,0,3,0
CB241,1293,1302,1,4,10
CB241,1312,1322,0,5,0
CB241,1322,1325,1,6,0
CB241,1325,1327,0,7,0
CB241,1327,1334,1,8,0
CB241,1334,1355.5,0,9,0
CB241,1355.5,1358,1,10,0
CB241,1358,1368,0,11,0
CB241,1368,1371,1,12,0
CB241,1371,1391.5,0,13,0
CB241,1391.5,1394,1,14,0
CB241,1394,1420,0,15,0
CB241,1420,1422,1,16,0
CB241,1422,1427,0,17,0
CB241,1427,1428,1,18,0
CB241,1428,1430.5,0,19,0
CB241,1430.5,1431.5,1,20,0
CB241,1431.5,1438.5,0,21,0
CB241,1438.5,1441,1,22,0
CB241,1441,1442,0,23,0
CB241,1442,1443,1,24,0
CB241,1443,1449,0,25,0
CB241,1449,1449.5,1,26,0
CB241,1449.5,1451,0,27,0
CB241,1451,1452,1,28,0
CB241,1452,1455,0,29,0
CB241,1455,1461.5,1,30,4
CB241,1465.5,1467,0,31,0
CB241,1467,1481,1,32,0
CB241,1481,1484,0,33,0
CB241,1484,1485.5,1,34,0
CB241,1485.5,1491,0,35,0
CB241,1491,1493.5,1,36,0
CB241,1493.5,1495,0,37,0
CB241,1495,1501.5,1,38,0
CB241,1501.5,1512,0,39,0
CB241,1512,1513,1,40,0
CB241,1513,1525,0,41,0
CB241,1525,1526,1,42,0
CB241,1526,1531.5,0,43,0
CB241,1531.5,1534.5,1,44,0
CB241,1534.5,1548,0,45,0
CB241,1548,1557,1,46,0
CB241,1557,1560,0,47,0
CB241,1560,1562,1,48,0
CB241,1562,1564,0,49,0
CB241,1564,1571,1,50,0
CB241,1571,1573,0,51,0
CB241,1573,1581,1,52,0
CB241,1581,1587,0,53,0
CB241,1587,1591,1,54,0
CB241,1591,1597.5,0,55,0
CB241,1597.5,1599.5,1,56,0
CB241,1599.5,1603,0,57,0
CB241,1603,1606,1,58,0
CB241,1606,1609.5,0,59,0
CB241,1609.5,1611.5,1,60,0
CB241,1611.5,1619,0,61,0
CB241,1619,1646.5,1,62,-360
CB242,1286.5,1298,0,1,0
CB242,1298,1315,1,2,0
CB242,1315,1350,0,3,0
CB242,1350,1351.5,1,4,0
CB242,1351.5,1353.5,0,5,0
CB242,1353.5,1356,1,6,0
CB242,1356,1378.5,0,7,0
CB242,1378.5,1381.5,1,8,0
CB242,1381.5,1397.5,0,9,0
CB242,1397.5,1399.5,1,10,0
CB242,1399.5,1405,0,11,0
CB242,1405,1406,1,12,0
CB242,1406,1435,0,13,0
CB242,1435,1442,1,14,0
CB242,1442,1447,0,15,0
CB242,1447,1451,1,16,0
CB242,1451,1455,0,17,0
CB242,1455,1458,1,18,0
CB242,1458,1464.5,0,19,0
CB242,1464.5,1467.5,1,20,0
CB242,1467.5,1501.5,0,21,0
CB242,1501.5,1505.5,1,22,0
CB242,1505.5,1521.5,0,23,0
CB242,1521.5,1530,1,24,0
CB242,1530,1561.5,0,25,0
CB242,1561.5,1563.5,1,26,0
CB242,1563.5,1607,0,27,0
CB242,1607,1630,1,28,0
CB242,1630,1632,0,29,0
CB242,1632,1640,1,30,0
CB242,1640,1649.5,0,31,0
CB242,1649.5,1654.5,1,32,0
CB242,1654.5,1656.5,0,33,0
CB242,1656.5,1657.5,1,34,0
CB242,1657.5,1661,0,35,0
CB242,1661,1678,1,36,0
CB242,1678,1684,0,37,0
CB242,1684,1705,1,38,0
CB242,1705,1714,0,39,0
CB242,1714,1720,1,40,0
CB242,1720,1723,0,41,0
CB242,1723,1727,1,42,0
CB242,1727,1729.5,0,43,0
CB242,1729.5,1731,1,44,0
CB242,1731,1733,0,45,0
CB242,1733,1736,1,46,0
CB242,1736,1749.5,0,47,0
CB242,1749.5,1759.5,1,48,0
CB242,1759.5,1764.5,0,49,0
CB242,1764.5,1768.5,1,50,0
CB242,1768.5,1784.1,0,51,-465.9
CB243,1318.2,1321.5,1,1,0
CB243,1321.5,1326,0,2,0
CB243,1326,1333,1,3,0
CB243,1333,1357,0,4,0
CB243,1357,1360,1,5,0
CB243,1360,1371,0,6,0
CB243,1371,1373,1,7,0
CB243,1373,1401.5,0,8,0
CB243,1401.5,1402.5,1,9,0
CB243,1402.5,1407,0,10,0
CB243,1407,1408.5,1,11,0
CB243,1408.5,1409.5,0,12,0
CB243,1409.5,1410.5,1,13,0
CB243,1410.5,1466.5,0,14,0
CB243,1466.5,1472,1,15,0
CB243,1472,1481,0,16,0
CB243,1481,1486.5,1,17,0
CB243,1486.5,1492.5,0,18,0
CB243,1492.5,1494.5,1,19,0
CB243,1494.5,1517.5,0,20,0
CB243,1517.5,1530,1,21,0
CB243,1530,1547.5,0,22,0
CB243,1547.5,1557,1,23,0
CB243,1557,1558.5,0,24,0
CB243,1558.5,1560.5,1,25,0
CB243,1560.5,1573,0,26,0
CB243,1573,1579.5,1,27,0
CB243,1579.5,1586,0,28,0
CB243,1586,1589,1,29,0
CB243,1589,1591,0,30,0
CB243,1591,1592.5,1,31,0
CB243,1592.5,1601.5,0,32,0
CB243,1601.5,1604,1,33,0
CB243,1604,1620.5,0,34,0
CB243,1620.5,1623.5,1,35,0
CB243,1623.5,1662.5,0,36,0
CB243,1662.5,1672,1,37,0
CB243,1672,1673,0,38,0
CB243,1673,1685,1,39,0
CB243,1685,1688.5,0,40,0
CB243,1688.5,1727.5,1,41,0
CB243,1727.5,1729.5,0,42,0
CB243,1729.5,1732,1,43,0
CB243,1732,1734,0,44,0
CB243,1734,1744,1,45,0
CB243,1744,1750,0,46,0
CB243,1750,1770.5,1,47,0
CB243,1770.5,1772,0,48,0
CB243,1772,1791,1,49,0
CB243,1791,1797.5,0,50,0
CB243,1797.5,1811.5,1,51,0
CB243,1811.5,1820,0,52,0
CB243,1820,1826.5,1,53,0
CB243,1826.5,1830,0,54,0
CB243,1830,1831.5,1,55,0
CB243,1831.5,1836.5,0,56,0
CB243,1836.5,1838.5,1,57,0
CB243,1838.5,1840,0,58,0
CB243,1840,1841,1,59,0
CB243,1841,1850.6,0,60,-577.9
CB244,1272.7,1279.5,0,1,0
CB244,1279.5,1283.5,1,2,0
CB244,1283.5,1300.5,0,3,0
CB244,1300.5,1316,1,4,0
CB244,1316,1329,0,5,0
CB244,1329,1332.5,1,6,0
CB244,1332.5,1336,0,7,0
CB244,1336,1339,1,8,0
CB244,1339,1380,0,9,0
CB244,1380,1384,1,10,0
CB244,1384,1442.5,0,11,0
CB244,1442.5,1445.5,1,12,0
CB244,1445.5,1457,0,13,0
CB244,1457,1462,1,14,0
CB244,1462,1501.5,0,15,0
CB244,1501.5,1503,1,16,0
CB244,1503,1504,0,17,0
CB244,1504,1507.5,1,18,0
CB244,1507.5,1521,0,19,0
CB244,1521,1526,1,20,0
CB244,1526,1528,0,21,0
CB244,1528,1532,1,22,0
CB244,1532,1562,0,23,0
CB244,1562,1564,1,24,0
CB244,1564,1607.5,0,25,0
CB244,1607.5,1633,1,26,0
CB244,1633,1635,0,27,0
CB244,1635,1640.5,1,28,0
CB244,1640.5,1648,0,29,0
CB244,1648,1682,1,30,-427.4
CB245,1254.6,1264.5,0,1,0
CB245,1264.5,1266,1,2,0
CB245,1266,1269.5,0,3,0
CB245,1269.5,1270.5,1,4,0
CB245,1270.5,1291,0,5,0
CB245,1291,1298,1,6,0
CB245,1298,1298.5,0,7,0
CB245,1298.5,1299,1,8,0
CB245,1299,1300,0,9,0
CB245,1300,1301,1,10,0
CB245,1301,1322,0,11,0
CB245,1322,1325,1,12,0
CB245,1325,1328,0,13,0
CB245,1328,1335.5,1,14,0
CB245,1335.5,1346,0,15,0
CB245,1346,1353,1,16,0
CB245,1353,1390,0,17,0
CB245,1390,1392,1,18,0
CB245,1392,1397.5,0,19,0
CB245,1397.5,1399,1,20,0
CB245,1399,1421,0,21,0
CB245,1421,1424,1,22,0
CB245,1424,1455,0,23,0
CB245,1455,1458.5,1,24,0
CB245,1458.5,1481.5,0,25,-0.1
CB245,1481.4,1486.5,1,26,0
CB245,1486.5,1487.5,0,27,0
CB245,1487.5,1488.5,1,28,0
CB245,1488.5,1496.5,0,29,0
CB245,1496.5,1504,1,30,0
CB245,1504,1505.5,0,31,0
CB245,1505.5,1506.5,1,32,0
CB245,1506.5,1519,0,33,0
CB245,1519,1521.5,1,34,0
CB245,1521.5,1529,0,35,0
CB245,1529,1531,1,36,0
CB245,1531,1532.5,0,37,0
CB245,1532.5,1539.5,1,38,0
CB245,1539.5,1565,0,39,0
CB245,1565,1567.5,1,40,0
CB245,1567.5,1591,0,41,0
CB245,1591,1592,1,42,0
CB245,1592,1596.5,0,43,0
CB245,1596.5,1602.5,1,44,0
CB245,1602.5,1615.5,0,45,0
CB245,1615.5,1645.5,1,46,0
CB245,1645.5,1653,0,47,0
CB245,1653,1657,1,48,0
CB245,1657,1659.5,0,49,0
CB245,1659.5,1687,1,50,0
CB245,1687,1690.4,0,51,-540.7
CB246,1149.7,1151,0,1,0
CB246,1151,1152,1,2,0
CB246,1152,1166.5,0,3,0
CB246,1166.5,1177.5,1,4,0
CB246,1177.5,1195,0,5,0
CB246,1195,1199,1,6,0
CB246,1199,1238,0,7,0
CB246,1238,1240.5,1,8,0
CB246,1240.5,1242.5,0,9,0
CB246,1242.5,1244.5,1,10,0
CB246,1244.5,1257.5,0,11,0
CB246,1257.5,1258.5,1,12,0
CB246,1258.5,1285.5,0,13,0
CB246,1285.5,1288.5,1,14,0
CB246,1288.5,1325.5,0,15,0
CB246,1325.5,1327.5,1,16,0
CB246,1327.5,1344,0,17,0
CB246,1344,1349,1,18,0
CB246,1349,1351,0,19,0
CB246,1351,1353,1,20,0
CB246,1353,1363.5,0,21,0
CB246,1363.5,1365.5,1,22,0
CB246,1365.5,1387,0,23,0
CB246,1387,1397.5,1,24,0
CB246,1397.5,1400.5,0,25,0
CB246,1400.5,1401.5,1,26,0
CB246,1401.5,1404,0,27,-0.1
CB246,1403.9,1413,1,28,0
CB246,1413,1421.5,0,29,0
CB246,1421.5,1424.5,1,30,0
CB246,1424.5,1425.5,0,31,0
CB246,1425.5,1427,1,32,0
CB246,1427,1432,0,33,0
CB246,1432,1437,1,34,0
CB246,1437,1441,0,35,0
CB246,1441,1442.5,1,36,0
CB246,1442.5,1465,0,37,0
CB246,1465,1468.5,1,38,0
CB246,1468.5,1479,0,39,0
CB246,1479,1481,1,40,0
CB246,1481,1495.5,0,41,0
CB246,1495.5,1509,1,42,0
CB246,1509,1525,0,43,0
CB246,1525,1527,1,44,0
CB246,1527,1531,0,45,0
CB246,1531,1542,1,46,21
CB246,1563,1567,0,47,0
CB246,1567,1570,1,48,0
CB246,1570,1571,0,49,0
CB246,1571,1584.5,1,50,0
CB246,1584.5,1586.5,0,51,0
CB246,1586.5,1593.5,1,52,0
CB246,1593.5,1595.5,0,53,0
CB246,1595.5,1600,1,54,0
CB246,1600,1606,0,55,0
CB246,1606,1610.5,1,56,0
CB246,1610.5,1617,0,57,0
CB246,1617,1624.5,1,58,0
CB246,1624.5,1631,0,59,0
CB246,1631,1633,1,60,0
CB246,1633,1637,0,61,0
CB246,1637,1640,1,62,0
CB246,1640,1641.4,0,63,-401.3
CB247,1240.1,1252,0,1,0
CB247,1252,1253,1,2,0
CB247,1253,1255.5,0,3,0
CB247,1255.5,1257,1,4,0
CB247,1257,1274,0,5,0
CB247,1274,1276,1,6,0
CB247,1276,1284,0,7,0
CB247,1284,1288,1,8,0
CB247,1288,1318,0,9,0
CB247,1318,1321.5,1,10,0
CB247,1321.5,1342.5,0,11,0
CB247,1342.5,1343.5,1,12,0
CB247,1343.5,1351.5,0,13,0
CB247,1351.5,1353.5,1,14,0
CB247,1353.5,1378.5,0,15,0
CB247,1378.5,1380.5,1,16,0
CB247,1380.5,1388.5,0,17,0
CB247,1388.5,1391,1,18,0
CB247,1391,1403.5,0,19,0
CB247,1403.5,1405.5,1,20,0
CB247,1405.5,1412.5,0,21,0
CB247,1412.5,1442.9,1,22,-20.9
CB247,1422,1425.5,0,23,0
CB247,1425.5,1426.5,1,24,0
CB247,1426.5,1437.5,0,25,0
CB247,1437.5,1438.5,1,26,0
CB247,1438.5,1441,0,27,0
CB247,1441,1443,1,28,0
CB247,1443,1473.5,0,29,0
CB247,1473.5,1481,1,30,0
CB247,1481,1484.5,0,31,0
CB247,1484.5,1486.2,1,32,-256.1
CB248,1230.1,1232.5,0,1,0
CB248,1232.5,1235,1,2,0
CB248,1235,1314.5,0,3,0
CB248,1314.5,1320,1,4,0
CB248,1320,1335.5,0,5,0
CB248,1335.5,1336.5,1,6,0
CB248,1336.5,1367,0,7,0
CB248,1367,1368.5,1,8,0
CB248,1368.5,1389.5,0,9,0
CB248,1389.5,1390.5,1,10,0
CB248,1390.5,1394,0,11,0
CB248,1394,1395.5,1,12,0
CB248,1395.5,1412,0,13,0
CB248,1412,1414,1,14,0
CB248,1414,1427.5,0,15,0
CB248,1427.5,1428,1,16,0
CB248,1428,1429.5,0,17,0
CB248,1429.5,1434.7,1,18,0.3
CB248,1435,1452.5,0,19,0
CB248,1452.5,1453.5,1,20,0
CB248,1453.5,1458.5,0,21,0
CB248,1458.5,1459.5,1,22,0
CB248,1459.5,1461,0,23,0
CB248,1461,1462,1,24,0
CB248,1462,1465,0,25,0
CB248,1465,1466,1,26,0
CB248,1466,1477,0,27,0
CB248,1477,1489,1,28,0
CB248,1489,1490,0,29,0
CB248,1490,1493,1,30,0
CB248,1493,1507,0,31,0
CB248,1507,1508.5,1,32,0
CB248,1508.5,1518.5,0,33,0
CB248,1518.5,1524.5,1,34,0
CB248,1524.5,1530.5,0,35,0
CB248,1530.5,1540.5,1,36,0
CB248,1540.5,1545,0,37,0
CB248,1545,1546,1,38,0
CB248,1546,1552.5,0,39,0
CB248,1552.5,1555.5,1,40,0
CB248,1555.5,1563.5,0,41,0
CB248,1563.5,1586.5,1,42,0
CB248,1586.5,1589.5,0,43,0
CB248,1589.5,1593,1,44,0
CB248,1593,1595,0,45,0
CB248,1595,1617,1,46,0
CB248,1617,1629.5,0,47,0
CB248,1629.5,1635.5,1,48,0
CB248,1635.5,1656.5,0,49,0
CB248,1656.5,1682.5,1,50,0
CB248,1682.5,1684.5,0,51,0
CB248,1684.5,1695,1,52,0
CB248,1695,1696.5,0,53,0
CB248,1696.5,1702,1,54,0
CB248,1702,1705,0,55,0
CB248,1705,1711.2,1,56,-391.6
CB249,1319.6,1332.5,0,1,0
CB249,1332.5,1337,1,2,0
CB249,1337,1347,0,3,0
CB249,1347,1352,1,4,0
CB249,1352,1356,0,5,0
CB249,1356,1360.5,1,6,0
CB249,1360.5,1384,0,7,0
CB249,1384,1385,1,8,0
CB249,1385,1389,0,9,-167
CB25,1222,1243,0,1,0
CB25,1243,1250.5,1,2,0
CB25,1250.5,1263,0,3,-0.2
CB25,1262.8,1284,1,4,0
CB25,1284,1294,0,5,0
CB25,1294,1295,1,6,0
CB25,1295,1308.5,0,7,0
CB25,1308.5,1319.5,1,8,0
CB25,1319.5,1330,0,9,0
CB25,1330,1331,1,10,0
CB25,1331,1332.5,0,11,0
CB25,1332.5,1333.5,1,12,0
CB25,1333.5,1337,0,13,0
CB25,1337,1341,1,14,0
CB25,1341,1362,0,15,0
CB25,1362,1363,1,16,0
CB25,1363,1374.5,0,17,0
CB25,1374.5,1376,1,18,0
CB25,1376,1376.5,0,19,0
CB25,1376.5,1377.5,1,20,0
CB25,1377.5,1378.5,0,21,0
CB25,1378.5,1385.5,1,22,0.5
CB25,1386,1387,0,23,0
CB25,1387,1388,1,24,0
CB25,1388,1397.5,0,25,0
CB25,1397.5,1409.5,1,26,0
CB25,1409.5,1420,0,27,0
CB25,1420,1425,1,28,0
CB25,1425,1426,0,29,0
CB25,1426,1427,1,30,0
CB25,1427,1428,0,31,0
CB25,1428,1429,1,32,0
CB25,1429,1432,0,33,0
CB25,1432,1433,1,34,0
CB25,1433,1436,0,35,0
CB25,1436,1438,1,36,0
CB25,1438,1440,0,37,0
CB25,1440,1441,1,38,0
CB25,1441,1445,0,39,0
CB25,1445,1446.5,1,40,0
CB25,1446.5,1453.5,0,41,0
CB25,1453.5,1454.5,1,42,0
CB25,1454.5,1463,0,43,0
CB25,1463,1464,1,44,0
CB25,1464,1466.5,0,45,0
CB25,1466.5,1479,1,46,0
CB25,1479,1482.5,0,47,0
CB25,1482.5,1492.5,1,48,0
CB25,1492.5,1503.5,0,49,0
CB25,1503.5,1507,1,50,0
CB25,1507,1514,0,51,0
CB25,1514,1515.5,1,52,0
CB25,1515.5,1525,0,53,0
CB25,1525,1529.5,1,54,0
CB25,1529.5,1530.5,0,55,0
CB25,1530.5,1531.5,1,56,0
CB25,1531.5,1535,0,57,0
CB25,1535,1536,1,58,0
CB25,1536,1538,0,59,0
CB25,1538,1541,1,60,0
CB25,1541,1544.5,0,61,0
CB25,1544.5,1547,1,62,0
CB25,1547,1549.5,0,63,0
CB25,1549.5,1566.5,1,64,0
CB25,1566.5,1569,0,65,0
CB25,1569,1587,1,66,0
CB25,1587,1593,0,67,0
CB25,1593,1636,1,68,0
CB25,1636,1644,0,69,0
CB25,1644,1686,1,70,-442.1
CB251,1243.9,1256.5,0,1,0
CB251,1256.5,1262,1,2,0
CB251,1262,1279,0,3,0
CB251,1279,1279.5,1,4,0
CB251,1279.5,1290,0,5,-0.2
CB251,1289.8,1296,1,6,0
CB251,1296,1300,0,7,0
CB251,1300,1300.5,1,8,0
CB251,1300.5,1320.5,0,9,0
CB251,1320.5,1324,1,10,0
CB251,1324,1327,0,11,0
CB251,1327,1340.5,1,12,0
CB251,1340.5,1386.5,0,13,-0.2
CB251,1386.3,1391.5,1,14,0
CB251,1391.5,1396,0,15,0
CB251,1396,1407,1,16,0
CB251,1407,1416.5,0,17,0
CB251,1416.5,1419,1,18,0
CB251,1419,1424.5,0,19,0
CB251,1424.5,1425,1,20,0
CB251,1425,1426,0,21,0
CB251,1426,1431,1,22,0
CB251,1431,1488,0,23,0
CB251,1488,1497,1,24,0
CB251,1497,1507,0,25,-0.1
CB251,1506.9,1511,1,26,0
CB251,1511,1520.5,0,27,0
CB251,1520.5,1530,1,28,0
CB251,1530,1542.5,0,29,0
CB251,1542.5,1550.5,1,30,0
CB251,1550.5,1557,0,31,0
CB251,1557,1562.5,1,32,0
CB251,1562.5,1565,0,33,0
CB251,1565,1571.5,1,34,0
CB251,1571.5,1588,0,35,0
CB251,1588,1601.5,1,36,0
CB251,1601.5,1603,0,37,0
CB251,1603,1613,1,38,0
CB251,1613,1614.5,0,39,0
CB251,1614.5,1684,1,40,0
CB251,1684,1690,0,41,0
CB251,1690,1698.8,1,42,-482.6
CB252,1216.2,1271.5,0,1,0
CB252,1271.5,1283.5,1,2,-9
CB252,1274.5,1280,0,3,0
CB252,1280,1290.5,1,4,0
CB252,1290.5,1313,0,5,0
CB252,1313,1314.5,1,6,0
CB252,1314.5,1338,0,7,0
CB252,1338,1339,1,8,0
CB252,1339,1342,0,9,0
CB252,1342,1355,1,10,0
CB252,1355,1364.5,0,11,0
CB252,1364.5,1372.5,1,12,0
CB252,1372.5,1377.5,0,13,0
CB252,1377.5,1378.5,1,14,0
CB252,1378.5,1381.5,0,15,0
CB252,1381.5,1383,1,16,0
CB252,1383,1396.5,0,17,-0.4
CB252,1396.1,1403,1,18,0
CB252,1403,1420.5,0,19,0
CB252,1420.5,1421,1,20,0
CB252,1421,1422.5,0,21,-0.1
CB252,1422.4,1427,1,22,0
CB252,1427,1455,0,23,0
CB252,1455,1457.5,1,24,0
CB252,1457.5,1463,0,25,0
CB252,1463,1465.5,1,26,0
CB252,1465.5,1490.5,0,27,0
CB252,1490.5,1505,1,28,0
CB252,1505,1511,0,29,0
CB252,1511,1513.5,1,30,0
CB252,1513.5,1517,0,31,0
CB252,1517,1522,1,32,0
CB252,1522,1524.5,0,33,0
CB252,1524.5,1527.5,1,34,0
CB252,1527.5,1531.5,0,35,0
CB252,1531.5,1532.5,1,36,0
CB252,1532.5,1542,0,37,0
CB252,1542,1547.5,1,38,0
CB252,1547.5,1559,0,39,0
CB252,1559,1562,1,40,0
CB252,1562,1571.5,0,41,0
CB252,1571.5,1581.5,1,42,0
CB252,1581.5,1586.5,0,43,0
CB252,1586.5,1588.5,1,44,0
CB252,1588.5,1596,0,45,0
CB252,1596,1600,1,46,0
CB252,1600,1602,0,47,0
CB252,1602,1620,1,48,0
CB252,1620,1630.5,0,49,0
CB252,1630.5,1659,1,50,0
CB252,1659,1664.5,0,51,0
CB252,1664.5,1670,1,52,0
CB252,1670,1671,0,53,0
CB252,1671,1672,1,54,0
CB252,1672,1674,0,55,0
CB252,1674,1687.5,1,56,0
CB252,1687.5,1692.5,0,57,0
CB252,1692.5,1700.5,1,58,0
CB252,1700.5,1702,0,59,0
CB252,1702,1706,1,60,0
CB252,1706,1715,0,61,0
CB252,1715,1716.7,1,62,-559.1
CB253,1157.6,1160,0,1,0
CB253,1160,1163,1,2,0
CB253,1163,1167.5,0,3,0
CB253,1167.5,1168.5,1,4,0
CB253,1168.5,1176,0,5,0
CB253,1176,1181,1,6,0
CB253,1181,1238,0,7,0
CB253,1238,1249.5,1,8,0
CB253,1249.5,1257,0,9,0
CB253,1257,1258,1,10,0
CB253,1258,1259.5,0,11,0
CB253,1259.5,1261,1,12,0
CB253,1261,1273,0,13,0
CB253,1273,1286.5,1,14,0
CB253,1286.5,1300.5,0,15,0
CB253,1300.5,1304,1,16,0
CB253,1304,1346,0,17,0
CB253,1346,1348.5,1,18,0
CB253,1348.5,1349.5,0,19,0
CB253,1349.5,1354,1,20,0
CB253,1354,1400,0,21,0
CB253,1400,1405.5,1,22,0
CB253,1405.5,1424,0,23,0
CB253,1424,1428,1,24,0
CB253,1428,1437,0,25,0
CB253,1437,1440,1,26,0
CB253,1440,1451.5,0,27,0
CB253,1451.5,1457,1,28,0
CB253,1457,1462,0,29,0
CB253,1462,1464,1,30,0
CB253,1464,1466,0,31,0
CB253,1466,1473,1,32,0
CB253,1473,1478.5,0,33,0
CB253,1478.5,1487.5,1,34,0
CB253,1487.5,1494,0,35,0
CB253,1494,1495.5,1,36,0
CB253,1495.5,1500.5,0,37,0
CB253,1500.5,1520,1,38,0
CB253,1520,1530.5,0,39,0
CB253,1530.5,1532,1,40,0
CB253,1532,1533,0,41,0
CB253,1533,1543.5,1,42,0
CB253,1543.5,1548,0,43,0
CB253,1548,1556.5,1,44,0
CB253,1556.5,1562,0,45,0
CB253,1562,1625.9,1,46,-439.4
CB255,1186.5,1231.5,0,1,0
CB255,1231.5,1233,1,2,0
CB255,1233,1269,0,3,0
CB255,1269,1270.5,1,4,0
CB255,1270.5,1275,0,5,0
CB255,1275,1281.5,1,6,0
CB255,1281.5,1312.5,0,7,0
CB255,1312.5,1315.8,1,8,0
CB255,1315.8,1318,0,9,0
CB255,1318,1319.5,1,10,0
CB255,1319.5,1330,0,11,0
CB255,1330,1333,1,12,0
CB255,1333,1338,0,13,0
CB255,1338,1345,1,14,0
CB255,1345,1357,0,15,0
CB255,1357,1368.5,1,16,0
CB255,1368.5,1399.5,0,17,0
CB255,1399.5,1402.5,1,18,0
CB255,1402.5,1415,0,19,0
CB255,1415,1416.5,1,20,0
CB255,1416.5,1432.5,0,21,0
CB255,1432.5,1434,1,22,0
CB255,1434,1460.5,0,23,0
CB255,1460.5,1466,1,24,0
CB255,1466,1467,0,25,0
CB255,1467,1468,1,26,0
CB255,1468,1471,0,27,0
CB255,1471,1472,1,28,0
CB255,1472,1485.5,0,29,0
CB255,1485.5,1487.5,1,30,0
CB255,1487.5,1508,0,31,-225.4
CB256,1282.6,1298,0,1,0
CB256,1298,1300.5,1,2,0
CB256,1300.5,1322.5,0,3,0
CB256,1322.5,1326.5,1,4,0
CB256,1326.5,1330.5,0,5,0
CB256,1330.5,1331.5,1,6,0
CB256,1331.5,1344,0,7,0
CB256,1344,1349.5,1,8,0
CB256,1349.5,1368,0,9,0
CB256,1368,1371,1,10,0
CB256,1371,1375.9,0,11,-151.4
CB257,1224.5,1230,0,1,0
CB257,1230,1243,1,2,0
CB257,1243,1273.5,0,3,0
CB257,1273.5,1275,1,4,0
CB257,1275,1366.5,0,5,0
CB257,1366.5,1368.5,1,6,0
CB257,1368.5,1474,0,7,0
CB257,1474,1475,1,8,0
CB257,1475,1484.5,0,9,0
CB257,1484.5,1485.5,1,10,0
CB257,1485.5,1489,0,11,0
CB257,1489,1491,1,12,0
CB257,1491,1500.5,0,13,0
CB257,1500.5,1503.5,1,14,0
CB257,1503.5,1507,0,15,0
CB257,1507,1512,1,16,0
CB257,1512,1528,0,17,0
CB257,1528,1534,1,18,0
CB257,1534,1536,0,19,0
CB257,1536,1541.5,1,20,0
CB257,1541.5,1556,0,21,0
CB257,1556,1559.1,1,22,-306.6
CB258,1252.5,1257.5,1,1,0
CB258,1257.5,1259,0,2,0
CB258,1259,1262.5,1,3,0
CB258,1262.5,1294.5,0,4,0
CB258,1294.5,1311.5,1,5,0
CB258,1311.5,1313.5,0,6,0
CB258,1313.5,1316.5,1,7,0
CB258,1316.5,1370.5,0,8,0
CB258,1370.5,1381.5,1,9,0
CB258,1381.5,1413.5,0,10,0
CB258,1413.5,1426.5,1,11,0
CB258,1426.5,1452,0,12,0
CB258,1452,1453,1,13,0
CB258,1453,1496,0,14,0
CB258,1496,1498,1,15,0
CB258,1498,1530,0,16,0
CB258,1530,1534,1,17,0
CB258,1534,1536.5,0,18,0
CB258,1536.5,1542.5,1,19,0
CB258,1542.5,1562.5,0,20,0
CB258,1562.5,1564,1,21,0
CB258,1564,1571.5,0,22,0
CB258,1571.5,1575,1,23,0
CB258,1575,1585,0,24,0
CB258,1585,1589,1,25,0
CB258,1589,1592.5,0,26,0
CB258,1592.5,1603.5,1,27,0
CB258,1603.5,1614,0,28,0
CB258,1614,1616,1,29,0
CB258,1616,1631.5,0,30,0
CB258,1631.5,1657,1,31,0
CB258,1657,1658.5,0,32,0
CB258,1658.5,1664,1,33,0
CB258,1664,1667,0,34,0
CB258,1667,1670.5,1,35,0
CB258,1670.5,1680,0,36,0
CB258,1680,1695,1,37,0
CB258,1695,1696.5,0,38,0
CB258,1696.5,1702.5,1,39,0
CB258,1702.5,1704,0,40,0
CB258,1704,1711,1,41,0
CB258,1711,1712.5,0,42,0
CB258,1712.5,1714,1,43,0
CB258,1714,1720,0,44,0
CB258,1720,1739.5,1,45,0
CB258,1739.5,1746,0,46,0
CB258,1746,1757.5,1,47,0
CB258,1757.5,1758.5,0,48,0
CB258,1758.5,1762,1,49,0
CB258,1762,1763,0,50,0
CB258,1763,1793,1,51,0
CB258,1793,1797.5,0,52,0
CB258,1797.5,1803.1,1,53,-515.8
CB259,1287.3,1289.5,0,1,0
CB259,1289.5,1293,1,2,0
CB259,1293,1334.5,0,3,0
CB259,1334.5,1335.5,1,4,0
CB259,1335.5,1337,0,5,0
CB259,1337,1338.5,1,6,0
CB259,1338.5,1347,0,7,0
CB259,1347,1348,1,8,0
CB259,1348,1349.5,0,9,0
CB259,1349.5,1353.5,1,10,0
CB259,1353.5,1356,0,11,0
CB259,1356,1358.5,1,12,0
CB259,1358.5,1367.5,0,13,0
CB259,1367.5,1369,1,14,0
CB259,1369,1374,0,15,0
CB259,1374,1375.5,1,16,0
CB259,1375.5,1386,0,17,0
CB259,1386,1391,1,18,0
CB259,1391,1406.5,0,19,0
CB259,1406.5,1409.5,1,20,0
CB259,1409.5,1422,0,21,0
CB259,1422,1424,1,22,0
CB259,1424,1443.5,0,23,0
CB259,1443.5,1450.5,1,24,0
CB259,1450.5,1457,0,25,0
CB259,1457,1459,1,26,0
CB259,1459,1463,0,27,0
CB259,1463,1464.2,1,28,-271.1
CB26,1193.1,1217.5,0,1,0
CB26,1217.5,1219,1,2,0
CB26,1219,1235,0,3,0
CB26,1235,1239,1,4,0
CB26,1239,1246,0,5,0
CB26,1246,1261,1,6,0
CB26,1261,1261.5,0,7,0
CB26,1261.5,1269,1,8,0
CB26,1269,1269.5,0,9,0
CB26,1269.5,1272.5,1,10,0
CB26,1272.5,1286,0,11,0
CB26,1286,1288,1,12,0
CB26,1288,1301.5,0,13,0
CB26,1301.5,1304.5,1,14,0
CB26,1304.5,1344.5,0,15,0
CB26,1344.5,1345.5,1,16,0
CB26,1345.5,1370,0,17,0
CB26,1370,1373.8,1,18,0.2
CB26,1374,1374.5,0,19,0
CB26,1374.5,1375,1,20,0
CB26,1375,1376.5,0,21,0
CB26,1376.5,1378.5,1,22,0
CB26,1378.5,1390.5,0,23,0
CB26,1390.5,1393,1,24,0
CB26,1393,1394,0,25,0
CB26,1394,1395,1,26,0
CB26,1395,1395.5,0,27,0
CB26,1395.5,1397,1,28,0
CB26,1397,1411.5,0,29,0
CB26,1411.5,1412.5,1,30,0
CB26,1412.5,1426,0,31,0
CB26,1426,1429,1,32,0
CB26,1429,1430.5,0,33,0
CB26,1430.5,1431.5,1,34,0
CB26,1431.5,1436.5,0,35,0
CB26,1436.5,1437.5,1,36,0
CB26,1437.5,1447,0,37,-0.2
CB26,1446.8,1451,1,38,0
CB26,1451,1452.5,0,39,0
CB26,1452.5,1453.5,1,40,0
CB26,1453.5,1461,0,41,0
CB26,1461,1464,1,42,0
CB26,1464,1466.5,0,43,0
CB26,1466.5,1470,1,44,0
CB26,1470,1473,0,45,0
CB26,1473,1475,1,46,0
CB26,1475,1484.5,0,47,0
CB26,1484.5,1485.5,1,48,0
CB26,1485.5,1489.5,0,49,0
CB26,1489.5,1492,1,50,0
CB26,1492,1509.5,0,51,0
CB26,1509.5,1522,1,52,0
CB26,1522,1524,0,53,0
CB26,1524,1535,1,54,0
CB26,1535,1549.5,0,55,0
CB26,1549.5,1579.5,1,56,0
CB26,1579.5,1583,0,57,0
CB26,1583,1594.5,1,58,0
CB26,1594.5,1595,0,59,0
CB26,1595,1616,1,60,0
CB26,1616,1626.5,0,61,0
CB26,1626.5,1641.5,1,62,0
CB26,1641.5,1646.5,0,63,0
CB26,1646.5,1650,1,64,0
CB26,1650,1656,0,65,0
CB26,1656,1660.5,1,66,0
CB26,1660.5,1663.9,0,67,-389.9
CB260,1274,1279.5,1,1,0
CB260,1279.5,1296,0,2,0
CB260,1296,1298,1,3,0
CB260,1298,1300,0,4,0
CB260,1300,1302.5,1,5,0
CB260,1302.5,1318,0,6,0
CB260,1318,1328,1,7,0
CB260,1328,1341,0,8,0
CB260,1341,1350.5,1,9,0
CB260,1350.5,1374.5,0,10,0
CB260,1374.5,1383,1,11,0
CB260,1383,1391,0,12,0
CB260,1391,1393,1,13,0
CB260,1393,1397,0,14,0
CB260,1397,1399,1,15,0
CB260,1399,1441,0,16,0
CB260,1441,1444.5,1,17,0
CB260,1444.5,1454.5,0,18,0
CB260,1454.5,1456,1,19,0
CB260,1456,1458.5,0,20,0
CB260,1458.5,1460.5,1,21,0
CB260,1460.5,1470,0,22,0
CB260,1470,1473.5,1,23,0
CB260,1473.5,1502,0,24,0
CB260,1502,1513,1,25,0
CB260,1513,1516.5,0,26,0
CB260,1516.5,1522,1,27,0
CB260,1522,1523.5,0,28,0
CB260,1523.5,1526,1,29,0
CB260,1526,1533,0,30,0
CB260,1533,1537.5,1,31,0
CB260,1537.5,1542,0,32,0
CB260,1542,1558,1,33,0
CB260,1558,1561.5,0,34,0
CB260,1561.5,1565.5,1,35,0
CB260,1565.5,1589,0,36,0
CB260,1589,1593,1,37,0
CB260,1593,1610,0,38,0
CB260,1610,1612,1,39,0
CB260,1612,1646,0,40,0
CB260,1646,1655,1,41,0
CB260,1655,1660,0,42,0
CB260,1660,1664.1,1,43,-319.2
CB261,1344.9,1357.9,0,1,0
CB261,1357.9,1367,1,2,0
CB261,1367,1385,0,3,0
CB261,1385,1386.5,1,4,0
CB261,1386.5,1394,0,5,0
CB261,1394,1396,1,6,0
CB261,1396,1408.8,0,7,-146.1
CB27,1262.7,1264,0,1,0
CB27,1264,1265,1,2,0
CB27,1265,1268.5,0,3,0
CB27,1268.5,1270,1,4,0
CB27,1270,1278,0,5,0
CB27,1278,1280,1,6,0
CB27,1280,1288,0,7,0
CB27,1288,1293,1,8,0
CB27,1293,1312,0,9,0
CB27,1312,1314,1,10,0
CB27,1314,1318,0,11,0
CB27,1318,1332.5,1,12,0
CB27,1332.5,1337,0,13,0
CB27,1337,1340.5,1,14,0
CB27,1340.5,1349.5,0,15,0
CB27,1349.5,1351,1,16,0
CB27,1351,1363,0,17,0
CB27,1363,1364,1,18,0
CB27,1364,1367.5,0,19,0
CB27,1367.5,1368.5,1,20,0
CB27,1368.5,1378.5,0,21,0
CB27,1378.5,1379.5,1,22,0
CB27,1379.5,1389,0,23,0
CB27,1389,1391,1,24,0
CB27,1391,1401,0,25,-0.6
CB27,1400.4,1407.5,1,26,0
CB27,1407.5,1408.5,0,27,0
CB27,1408.5,1414,1,28,0
CB27,1414,1420,0,29,0
CB27,1420,1422,1,30,0
CB27,1422,1438.5,0,31,0
CB27,1438.5,1439.5,1,32,0
CB27,1439.5,1442.5,0,33,0
CB27,1442.5,1443.5,1,34,0
CB27,1443.5,1458.5,0,35,0
CB27,1458.5,1466,1,36,0
CB27,1466,1482.5,0,37,0
CB27,1482.5,1484,1,38,0
CB27,1484,1486,0,39,0
CB27,1486,1491,1,40,0
CB27,1491,1502,0,41,0
CB27,1502,1504,1,42,0
CB27,1504,1515,0,43,0
CB27,1515,1520,1,44,0
CB27,1520,1522,0,45,0
CB27,1522,1534,1,46,0
CB27,1534,1546,0,47,0
CB27,1546,1548,1,48,0
CB27,1548,1553,0,49,0
CB27,1553,1557.5,1,50,0
CB27,1557.5,1565,0,51,0
CB27,1565,1569,1,52,0
CB27,1569,1587,0,53,0
CB27,1587,1588.5,1,54,0
CB27,1588.5,1618,0,55,0
CB27,1618,1626,1,56,0
CB27,1626,1627.5,0,57,0
CB27,1627.5,1642,1,58,0
CB27,1642,1653,0,59,0
CB27,1653,1671,1,60,0
CB27,1671,1672.5,0,61,0
CB27,1672.5,1675,1,62,0
CB27,1675,1677,0,63,0
CB27,1677,1695,1,64,0
CB27,1695,1699,0,65,0
CB27,1699,1703,1,66,0
CB27,1703,1704,0,67,0
CB27,1704,1719,1,68,0
CB27,1719,1722,0,69,0
CB27,1722,1741.5,1,70,0
CB27,1741.5,1743,0,71,0
CB27,1743,1755.4,1,72,-505.4
CB271,1250,1257,0,1,0
CB271,1257,1261,1,2,0
CB271,1261,1266.5,0,3,0
CB271,1266.5,1270.5,1,4,0
CB271,1270.5,1290.5,0,5,0
CB271,1290.5,1302.1,1,6,-0.1
CB271,1302,1312.5,0,7,0
CB271,1312.5,1314.5,1,8,0
CB271,1314.5,1336.5,0,9,0
CB271,1336.5,1337.5,1,10,0
CB271,1337.5,1351.5,0,11,0
CB271,1351.5,1352.5,1,12,0
CB271,1352.5,1354,0,13,0
CB271,1354,1355.5,1,14,0
CB271,1355.5,1388,0,15,0
CB271,1388,1393,1,16,0
CB271,1393,1399.5,0,17,0
CB271,1399.5,1400,1,18,0
CB271,1400,1408.5,0,19,0
CB271,1408.5,1409,1,20,0
CB271,1409,1424.5,0,21,0
CB271,1424.5,1425.5,1,22,0
CB271,1425.5,1428,0,23,-0.1
CB271,1427.9,1432,1,24,0
CB271,1432,1441.5,0,25,0
CB271,1441.5,1443,1,26,0
CB271,1443,1455,0,27,0
CB271,1455,1457.5,1,28,0
CB271,1457.5,1465,0,29,0
CB271,1465,1467,1,30,0
CB271,1467,1486.5,0,31,0
CB271,1486.5,1488,1,32,0
CB271,1488,1491,0,33,0
CB271,1491,1493.5,1,34,0
CB271,1493.5,1500,0,35,0
CB271,1500,1511,1,36,0
CB271,1511,1533,0,37,0
CB271,1533,1538,1,38,0
CB271,1538,1543,0,39,0
CB271,1543,1552,1,40,0
CB271,1552,1556.5,0,41,0
CB271,1556.5,1559,1,42,0
CB271,1559,1562.5,0,43,0
CB271,1562.5,1565,1,44,0
CB271,1565,1573,0,45,0
CB271,1573,1581.5,1,46,0
CB271,1581.5,1591.5,0,47,0
CB271,1591.5,1603,1,48,0
CB271,1603,1626,0,49,0
CB271,1626,1666.5,1,50,0
CB271,1666.5,1678.5,0,51,0
CB271,1678.5,1692,1,52,0
CB271,1692,1694.5,0,53,0
CB271,1694.5,1707.6,1,54,-443
CB272,1264.6,1273,0,1,0
CB272,1273,1281,1,2,0
CB272,1281,1387.5,0,3,0
CB272,1387.5,1389,1,4,0
CB272,1389,1398.5,0,5,0
CB272,1398.5,1400.5,1,6,0
CB272,1400.5,1406.5,0,7,0
CB272,1406.5,1408.5,1,8,0
CB272,1408.5,1415.5,0,9,0
CB272,1415.5,1417.5,1,10,0
CB272,1417.5,1423,0,11,0
CB272,1423,1439,1,12,0
CB272,1439,1442.5,0,13,0
CB272,1442.5,1443.5,1,14,0
CB272,1443.5,1458,0,15,0
CB272,1458,1471.5,1,16,0
CB272,1471.5,1488,0,17,0
CB272,1488,1493,1,18,0
CB272,1493,1502.5,0,19,0
CB272,1502.5,1504,1,20,0
CB272,1504,1538.5,0,21,0
CB272,1538.5,1540,1,22,0
CB272,1540,1544.5,0,23,0
CB272,1544.5,1546,1,24,0
CB272,1546,1550,0,25,0
CB272,1550,1551.5,1,26,0
CB272,1551.5,1553.5,0,27,0
CB272,1553.5,1555,1,28,0
CB272,1555,1568,0,29,0
CB272,1568,1582.5,1,30,0
CB272,1582.5,1591,0,31,0
CB272,1591,1593,1,32,0
CB272,1593,1595.5,0,33,0
CB272,1595.5,1598.5,1,34,0
CB272,1598.5,1602.5,0,35,0
CB272,1602.5,1606.5,1,36,0
CB272,1606.5,1616.4,0,37,-330.7
CB273,1285.7,1313.5,0,1,0
CB273,1313.5,1315.5,1,2,0
CB273,1315.5,1323,0,3,0
CB273,1323,1336,1,4,0
CB273,1336,1350,0,5,0
CB273,1350,1352,1,6,0
CB273,1352,1399.5,0,7,0
CB273,1399.5,1408,1,8,0
CB273,1408,1424.5,0,9,0
CB273,1424.5,1429,1,10,0
CB273,1429,1455,0,11,0
CB273,1455,1460.5,1,12,0
CB273,1460.5,1471.5,0,13,0
CB273,1471.5,1490,1,14,0
CB273,1490,1505.5,0,15,0
CB273,1505.5,1508,1,16,0
CB273,1508,1518,0,17,0
CB273,1518,1519,1,18,0
CB273,1519,1520,0,19,0
CB273,1520,1526.6,1,20,173.4
CB275,1700,1701.5,0,1,0
CB275,1701.5,1703,1,2,0
CB275,1703,1711.4,0,3,-457.2
CB292,1254.2,1258.5,0,1,0
CB292,1258.5,1260.5,1,2,0
CB292,1260.5,1283.5,0,3,0
CB292,1283.5,1285,1,4,0
CB292,1285,1293.5,0,5,0
CB292,1293.5,1299,1,6,0
CB292,1299,1304,0,7,0
CB292,1304,1305,1,8,0
CB292,1305,1308,0,9,0
CB292,1308,1312.5,1,10,0
CB292,1312.5,1342,0,11,0
CB292,1342,1349.5,1,12,0
CB292,1349.5,1355,0,13,0
CB292,1355,1356,1,14,0
CB292,1356,1436,0,15,0
CB292,1436,1437.5,1,16,0
CB292,1437.5,1473.5,0,17,0
CB292,1473.5,1480.5,1,18,0
CB292,1480.5,1483,0,19,0
CB292,1483,1491,1,20,0
CB292,1491,1496,0,21,0
CB292,1496,1499.5,1,22,0
CB292,1499.5,1516,0,23,0
CB292,1516,1526,1,24,0
CB292,1526,1529,0,25,0
CB292,1529,1544.5,1,26,0
CB292,1544.5,1546.9,0,27,-34.7
CB30,1512.2,1517.5,0,1,0
CB30,1517.5,1528.5,1,2,0
CB30,1528.5,1539.5,0,3,0
CB30,1539.5,1542.5,1,4,0
CB30,1542.5,1558.5,0,5,0
CB30,1558.5,1566,1,6,0
CB30,1566,1577.5,0,7,0
CB30,1577.5,1580,1,8,0
CB30,1580,1602.5,0,9,0
CB30,1602.5,1604,1,10,0
CB30,1604,1624,0,11,0
CB30,1624,1626.5,1,12,0
CB30,1626.5,1668.5,0,13,0
CB30,1668.5,1675,1,14,0
CB30,1675,1679.5,0,15,0
CB30,1679.5,1681,1,16,0
CB30,1681,1683,0,17,0
CB30,1683,1685.5,1,18,0
CB30,1685.5,1701,0,19,0
CB30,1701,1705,1,20,0
CB30,1705,1708,0,21,0
CB30,1708,1711,1,22,0
CB30,1711,1713,0,23,0
CB30,1713,1716,1,24,0
CB30,1716,1732.5,0,25,0
CB30,1732.5,1739,1,26,0
CB30,1739,1754.5,0,27,0
CB30,1754.5,1757.5,1,28,0
CB30,1757.5,1761.5,0,29,0
CB30,1761.5,1762.5,1,30,0
CB30,1762.5,1767,0,31,0
CB30,1767,1780.5,1,32,0
CB30,1780.5,1789,0,33,0
CB30,1789,1794,1,34,0
CB30,1794,1798.5,0,35,0
CB30,1798.5,1801,1,36,0
CB30,1801,1805,0,37,0
CB30,1805,1809,1,38,0
CB30,1809,1815.5,0,39,0
CB30,1815.5,1819,1,40,0
CB30,1819,1825,0,41,0
CB30,1825,1835,1,42,0
CB30,1835,1861,0,43,0
CB30,1861,1877,1,44,-395.8
CB301,1481.2,1503,0,1,0
CB301,1503,1504.5,1,2,0
CB301,1504.5,1563,0,3,0
CB301,1563,1576.5,1,4,0
CB301,1576.5,1589,0,5,0
CB301,1589,1590.5,1,6,0
CB301,1590.5,1634,0,7,0
CB301,1634,1636,1,8,0
CB301,1636,1650,0,9,0
CB301,1650,1651.5,1,10,0
CB301,1651.5,1673,0,11,0
CB301,1673,1684,1,12,0
CB301,1684,1685.5,0,13,0
CB301,1685.5,1689,1,14,0
CB301,1689,1693.5,0,15,0
CB301,1693.5,1705,1,16,0
CB301,1705,1731.5,0,17,0
CB301,1731.5,1734,1,18,0
CB301,1734,1746,0,19,0
CB301,1746,1759.5,1,20,0
CB301,1759.5,1765,0,21,0
CB301,1765,1767,1,22,0
CB301,1767,1773,0,23,0
CB301,1773,1775,1,24,0
CB301,1775,1788,0,25,0
CB301,1788,1797.5,1,26,0
CB301,1797.5,1824.5,0,27,0
CB301,1824.5,1827,1,28,0
CB301,1827,1838.5,0,29,0
CB301,1838.5,1841,1,30,0
CB301,1841,1843.5,0,31,0
CB301,1843.5,1850,1,32,0
CB301,1850,1852,0,33,0
CB301,1852,1879.5,1,34,0
CB301,1879.5,1883,0,35,0
CB301,1883,1916,1,36,0
CB301,1916,1920,0,37,0
CB301,1920,1923,1,38,0
CB301,1923,1924.5,0,39,0
CB301,1924.5,1956.5,1,40,0
CB301,1956.5,1957.5,0,41,0
CB301,1957.5,1981,1,42,0
CB301,1981,1995,0,43,0
CB301,1995,2015.5,1,44,0
CB301,2015.5,2019,0,45,0
CB301,2019,2026,1,46,0
CB301,2026,2030.5,0,47,0
CB301,2030.5,2035.5,1,48,0
CB301,2035.5,2043.8,0,49,-547.3
CB32,1496.5,1523.5,0,1,0
CB32,1523.5,1537.5,1,2,0
CB32,1537.5,1557,0,3,0
CB32,1557,1558.5,1,4,0
CB32,1558.5,1621,0,5,0
CB32,1621,1626.5,1,6,0
CB32,1626.5,1660,0,7,0
CB32,1660,1663.5,1,8,0
CB32,1663.5,1668,0,9,0
CB32,1668,1670,1,10,0
CB32,1670,1709.5,0,11,0
CB32,1709.5,1715,1,12,0
CB32,1715,1722,0,13,0
CB32,1722,1724,1,14,0
CB32,1724,1732,0,15,0
CB32,1732,1735,1,16,0
CB32,1735,1739,0,17,0
CB32,1739,1743,1,18,0
CB32,1743,1786,0,19,0
CB32,1786,1793,1,20,0
CB32,1793,1814,0,21,0
CB32,1814,1826,1,22,0
CB32,1826,1833.5,0,23,0
CB32,1833.5,1836,1,24,0
CB32,1836,1849,0,25,0
CB32,1849,1851,1,26,0
CB32,1851,1853,0,27,0
CB32,1853,1858,1,28,0
CB32,1858,1869,0,29,0
CB32,1869,1875.5,1,30,0
CB32,1875.5,1880,0,31,0
CB32,1880,1883.5,1,32,0
CB32,1883.5,1909,0,33,0
CB32,1909,1911,1,34,0
CB32,1911,1917,0,35,0
CB32,1917,1919,1,36,0
CB32,1919,1922,0,37,0
CB32,1922,1924.5,1,38,0
CB32,1924.5,1946.5,0,39,0
CB32,1946.5,2008.5,1,40,0
CB32,2008.5,2015,0,41,0
CB32,2015,2044.5,1,42,0
CB32,2044.5,2045,0,43,0
CB32,2045,2053,1,44,0
CB32,2053,2062,0,45,0
CB32,2062,2077.2,1,46,-547.2
CB321,1530,1546.5,0,1,0
CB321,1546.5,1549.5,1,2,0
CB321,1549.5,1551.5,0,3,0
CB321,1551.5,1553,1,4,0
CB321,1553,1574,0,5,0
CB321,1574,1579,1,6,0
CB321,1579,1581,0,7,0
CB321,1581,1587,1,8,0
CB321,1587,1595.5,0,9,0
CB321,1595.5,1598,1,10,0
CB321,1598,1610,0,11,0
CB321,1610,1611.5,1,12,0
CB321,1611.5,1641.5,0,13,0
CB321,1641.5,1646,1,14,0
CB321,1646,1655,0,15,0
CB321,1655,1660.5,1,16,0
CB321,1660.5,1663.5,0,17,0
CB321,1663.5,1665,1,18,0
CB321,1665,1691,0,19,0
CB321,1691,1693.5,1,20,0
CB321,1693.5,1696.5,0,21,0
CB321,1696.5,1700,1,22,0
CB321,1700,1709,0,23,0
CB321,1709,1724.5,1,24,0
CB321,1724.5,1747.5,0,25,0
CB321,1747.5,1749.5,1,26,0
CB321,1749.5,1763,0,27,0
CB321,1763,1768.5,1,28,0
CB321,1768.5,1773,0,29,0
CB321,1773,1775.5,1,30,0
CB321,1775.5,1778,0,31,0
CB321,1778,1782,1,32,0
CB321,1782,1793,0,33,0
CB321,1793,1794,1,34,0
CB321,1794,1806.5,0,35,0
CB321,1806.5,1813.5,1,36,0
CB321,1813.5,1815,0,37,0
CB321,1815,1826,1,38,0
CB321,1826,1828,0,39,0
CB321,1828,1829.5,1,40,0
CB321,1829.5,1834,0,41,0
CB321,1834,1839,1,42,0
CB321,1839,1842,0,43,0
CB321,1842,1845.5,1,44,0
CB321,1845.5,1846.5,0,45,0
CB321,1846.5,1854,1,46,0
CB321,1854,1855,0,47,0
CB321,1855,1858,1,48,0
CB321,1858,1859,0,49,0
CB321,1859,1875.5,1,50,0
CB321,1875.5,1877.5,0,51,0
CB321,1877.5,1878.5,1,52,0
CB321,1878.5,1881.5,0,53,0
CB321,1881.5,1901,1,54,0
CB321,1901,1902.5,0,55,0
CB321,1902.5,1905,1,56,0
CB321,1905,1907,0,57,0
CB321,1907,1943,1,58,0
CB321,1943,1956,0,59,0
CB321,1956,1975.5,1,60,0
CB321,1975.5,1985.5,0,61,0
CB321,1985.5,1986.5,1,62,0
CB321,1986.5,1994.5,0,63,0
CB321,1994.5,1999.5,1,64,0
CB321,1999.5,2006,0,65,0
CB321,2006,2009,1,66,-161.5
CB322,1847.5,1850.1,1,1,149.9
CB322,2000,2051,1,2,0
CB322,2051,2058,0,3,0
CB322,2058,2110.1,1,4,-310.1
CB324,1800,1835,0,1,0
CB324,1835,1858,1,2,0
CB324,1858,1861,0,3,0
CB324,1861,1973.5,1,4,0
CB324,1973.5,1975,0,5,0
CB324,1975,1985,1,6,0
CB324,1985,1989,0,7,0
CB324,1989,2011.5,1,8,0
CB324,2011.5,2018.5,0,9,0
CB324,2018.5,2020,1,10,0
CB324,2020,2025,0,11,0
CB324,2025,2029.5,1,12,0
CB324,2029.5,2041.2,0,13,-608.7
CB325,1432.5,1440,0,1,0
CB325,1440,1441.5,1,2,0
CB325,1441.5,1446.5,0,3,0
CB325,1446.5,1450,1,4,0
CB325,1450,1524,0,5,0
CB325,1524,1525.5,1,6,0
CB325,1525.5,1548,0,7,0
CB325,1548,1550,1,8,0
CB325,1550,1576,0,9,0
CB325,1576,1579.5,1,10,0
CB325,1579.5,1581,0,11,0
CB325,1581,1582,1,12,0
CB325,1582,1609,0,13,0
CB325,1609,1610.5,1,14,0
CB325,1610.5,1616.5,0,15,0
CB325,1616.5,1618,1,16,0
CB325,1618,1641.5,0,17,0
CB325,1641.5,1651.5,1,18,0
CB325,1651.5,1654.5,0,19,0
CB325,1654.5,1655.5,1,20,0
CB325,1655.5,1663,0,21,0
CB325,1663,1666,1,22,0
CB325,1666,1673,0,23,0
CB325,1673,1676,1,24,0
CB325,1676,1681,0,25,0
CB325,1681,1686.5,1,26,0
CB325,1686.5,1697,0,27,0
CB325,1697,1699.5,1,28,0
CB325,1699.5,1701.5,0,29,0
CB325,1701.5,1706,1,30,0
CB325,1706,1709.5,0,31,0
CB325,1709.5,1720.5,1,32,0
CB325,1720.5,1722,0,33,0
CB325,1722,1723,1,34,0
CB325,1723,1740.5,0,35,0
CB325,1740.5,1743.5,1,36,0
CB325,1743.5,1756.5,0,37,0
CB325,1756.5,1769,1,38,0
CB325,1769,1770,0,39,0
CB325,1770,1771.5,1,40,0
CB325,1771.5,1774.5,0,41,0
CB325,1774.5,1778.5,1,42,0
CB325,1778.5,1780.5,0,43,0
CB325,1780.5,1782,1,44,0
CB325,1782,1802,0,45,0
CB325,1802,1807,1,46,0
CB325,1807,1818.5,0,47,0
CB325,1818.5,1833.5,1,48,0
CB325,1833.5,1835,0,49,0
CB325,1835,1842,1,50,0
CB325,1842,1849,0,51,0
CB325,1849,1853,1,52,0
CB325,1853,1854,0,53,0
CB325,1854,1869,1,54,0
CB325,1869,1870,0,55,0
CB325,1870,1871.5,1,56,0
CB325,1871.5,1872.5,0,57,0
CB325,1872.5,1875.5,1,58,0
CB325,1875.5,1878,0,59,0
CB325,1878,1880,1,60,0
CB325,1880,1881,0,61,0
CB325,1881,1891,1,62,0
CB325,1891,1892.5,0,63,0
CB325,1892.5,1915,1,64,0
CB325,1915,1916,0,65,0
CB325,1916,1966.5,1,66,0
CB325,1966.5,1971,0,67,0
CB325,1971,1973.5,1,68,0
CB325,1973.5,1975.5,0,69,0
CB325,1975.5,1976.5,1,70,0
CB325,1976.5,2000,0,71,0
CB325,2000,2003,1,72,0
CB325,2003,2007,0,73,0
CB325,2007,2009,1,74,0
CB325,2009,2011.5,0,75,0
CB325,2011.5,2015.7,1,76,-501.8
CB326,1513.9,1525,0,1,0
CB326,1525,1526.5,1,2,0
CB326,1526.5,1577,0,3,0
CB326,1577,1579.5,1,4,0
CB326,1579.5,1597,0,5,0
CB326,1597,1599.5,1,6,0
CB326,1599.5,1703,0,7,0
CB326,1703,1704,1,8,0
CB326,1704,1713.5,0,9,0
CB326,1713.5,1716.5,1,10,0
CB326,1716.5,1722.5,0,11,0
CB326,1722.5,1723.5,1,12,0
CB326,1723.5,1724,0,13,0
CB326,1724,1728,1,14,0
CB326,1728,1733.5,0,15,0
CB326,1733.5,1734,1,16,0
CB326,1734,1749.5,0,17,0
CB326,1749.5,1751.5,1,18,0
CB326,1751.5,1757.5,0,19,0
CB326,1757.5,1761,1,20,0
CB326,1761,1776,0,21,0
CB326,1776,1780,1,22,0
CB326,1780,1785.5,0,23,0
CB326,1785.5,1786.5,1,24,0
CB326,1786.5,1799,0,25,0
CB326,1799,1807,1,26,0
CB326,1807,1816.5,0,27,0
CB326,1816.5,1820.5,1,28,0
CB326,1820.5,1831,0,29,0
CB326,1831,1838.5,1,30,0
CB326,1838.5,1840.5,0,31,0
CB326,1840.5,1841,1,32,0
CB326,1841,1885.5,0,33,0
CB326,1885.5,1889,1,34,0
CB326,1889,1899.5,0,35,0
CB326,1899.5,1919,1,36,0
CB326,1919,1929.5,0,37,0
CB326,1929.5,1967,1,38,0
CB326,1967,1971,0,39,0
CB326,1971,1987,1,40,0
CB326,1987,1992,0,41,0
CB326,1992,2021,1,42,0
CB326,2021,2026.5,0,43,0
CB326,2026.5,2032.7,1,44,-499.4
CB327,1533.3,1535.5,1,1,0
CB327,1535.5,1578.5,0,2,0
CB327,1578.5,1587,1,3,0
CB327,1587,1592,0,4,0
CB327,1592,1598,1,5,0
CB327,1598,1631,0,6,0
CB327,1631,1634,1,7,0
CB327,1634,1652.5,0,8,0
CB327,1652.5,1656,1,9,0
CB327,1656,1670,0,10,0
CB327,1670,1671,1,11,0
CB327,1671,1694,0,12,0
CB327,1694,1696,1,13,0
CB327,1696,1714,0,14,0
CB327,1714,1715.5,1,15,0
CB327,1715.5,1717,0,16,0
CB327,1717,1719,1,17,0
CB327,1719,1726,0,18,0
CB327,1726,1726.5,1,19,0
CB327,1726.5,1730,0,20,0
CB327,1730,1730.5,1,21,0
CB327,1730.5,1747,0,22,0
CB327,1747,1751.5,1,23,0
CB327,1751.5,1752,0,24,0
CB327,1752,1758,1,25,0
CB327,1758,1758.5,0,26,0
CB327,1758.5,1769,1,27,0
CB327,1769,1774.5,0,28,0
CB327,1774.5,1779,1,29,5
CB327,1784,1788,0,30,0
CB327,1788,1804.5,1,31,0
CB327,1804.5,1807.5,0,32,0
CB327,1807.5,1808.5,1,33,0
CB327,1808.5,1812.5,0,34,0
CB327,1812.5,1816.5,1,35,0
CB327,1816.5,1821.5,0,36,0
CB327,1821.5,1823.5,1,37,0
CB327,1823.5,1832,0,38,0
CB327,1832,1833.5,1,39,0
CB327,1833.5,1838,0,40,0
CB327,1838,1838.5,1,41,0
CB327,1838.5,1845.5,0,42,0
CB327,1845.5,1853,1,43,0
CB327,1853,1854.5,0,44,0
CB327,1854.5,1860.5,1,45,0
CB327,1860.5,1861,0,46,0
CB327,1861,1862,1,47,0
CB327,1862,1862.5,0,48,0
CB327,1862.5,1864.5,1,49,0
CB327,1864.5,1877,0,50,0
CB327,1877,1888.5,1,51,0
CB327,1888.5,1893.5,0,52,0
CB327,1893.5,1895.5,1,53,0
CB327,1895.5,1924,0,54,0
CB327,1924,1964.5,1,55,0
CB327,1964.5,1968,0,56,0
CB327,1968,1984,1,57,0
CB327,1984,2004.5,0,58,0
CB327,2004.5,2015,1,59,0
CB327,2015,2027.5,0,60,0
CB327,2027.5,2055.2,1,61,-555.2
CB328,1500,1525.5,0,1,0
CB328,1525.5,1531,1,2,0
CB328,1531,1547,0,3,0
CB328,1547,1554.5,1,4,0
CB328,1554.5,1562.5,0,5,0
CB328,1562.5,1564.5,1,6,0
CB328,1564.5,1600.5,0,7,0
CB328,1600.5,1605,1,8,0
CB328,1605,1617,0,9,0
CB328,1617,1620.5,1,10,0
CB328,1620.5,1687.5,0,11,0
CB328,1687.5,1688.5,1,12,0
CB328,1688.5,1707.5,0,13,0
CB328,1707.5,1713,1,14,0
CB328,1713,1721,0,15,0
CB328,1721,1723.5,1,16,0
CB328,1723.5,1727.5,0,17,0
CB328,1727.5,1730.5,1,18,0
CB328,1730.5,1747,0,19,0
CB328,1747,1750,1,20,0
CB328,1750,1752,0,21,0
CB328,1752,1754.5,1,22,0
CB328,1754.5,1757.5,0,23,0
CB328,1757.5,1762,1,24,0
CB328,1762,1775,0,25,0
CB328,1775,1785,1,26,0
CB328,1785,1807,0,27,0
CB328,1807,1810.5,1,28,0
CB328,1810.5,1819,0,29,0
CB328,1819,1829,1,30,0
CB328,1829,1839.5,0,31,0
CB328,1839.5,1842,1,32,0
CB328,1842,1848,0,33,0
CB328,1848,1850.5,1,34,0
CB328,1850.5,1874.5,0,35,0
CB328,1874.5,1896.5,1,36,0
CB328,1896.5,1911,0,37,0
CB328,1911,1930,1,38,0
CB328,1930,1933,0,39,0
CB328,1933,1957,1,40,0
CB328,1957,1974,0,41,0
CB328,1974,1987,1,42,0
CB328,1987,2001,0,43,0
CB328,2001,2027.5,1,44,0
CB328,2027.5,2032.5,0,45,0
CB328,2032.5,2036,1,46,0
CB328,2036,2038,0,47,0
CB328,2038,2039.3,1,48,-539.3
CB329,1500,1551,0,1,0
CB329,1551,1552,1,2,0
CB329,1552,1572.5,0,3,0
CB329,1572.5,1580.5,1,4,0
CB329,1580.5,1608,0,5,0
CB329,1608,1613.5,1,6,0
CB329,1613.5,1619.5,0,7,0
CB329,1619.5,1623.5,1,8,0
CB329,1623.5,1631.5,0,9,0
CB329,1631.5,1634,1,10,0
CB329,1634,1643.5,0,11,0
CB329,1643.5,1647.5,1,12,0
CB329,1647.5,1655.5,0,13,0
CB329,1655.5,1660.5,1,14,0
CB329,1660.5,1669,0,15,0
CB329,1669,1670.5,1,16,0
CB329,1670.5,1683,0,17,0
CB329,1683,1688,1,18,0
CB329,1688,1706.5,0,19,0
CB329,1706.5,1709,1,20,0
CB329,1709,1738,0,21,0
CB329,1738,1747,1,22,0
CB329,1747,1762,0,23,0
CB329,1762,1763,1,24,0
CB329,1763,1769.5,0,25,0
CB329,1769.5,1808.5,1,26,0
CB329,1808.5,1816,0,27,0
CB329,1816,1820,1,28,0
CB329,1820,1823.5,0,29,0
CB329,1823.5,1841,1,30,0
CB329,1841,1842,0,31,0
CB329,1842,1895,1,32,0
CB329,1895,1896,0,33,0
CB329,1896,1914.5,1,34,0
CB329,1914.5,1931,0,35,0
CB329,1931,1943,1,36,0
CB329,1943,1953,0,37,0
CB329,1953,1955.6,1,38,-455.6
CB330,1500,1520,0,1,0
CB330,1520,1528,1,2,0
CB330,1528,1536,0,3,0
CB330,1536,1540,1,4,0
CB330,1540,1545.5,0,5,0
CB330,1545.5,1548.5,1,6,0
CB330,1548.5,1633.5,0,7,0
CB330,1633.5,1637,1,8,0
CB330,1637,1641,0,9,0
CB330,1641,1645.5,1,10,0
CB330,1645.5,1648.5,0,11,0
CB330,1648.5,1651,1,12,0
CB330,1651,1658,0,13,0
CB330,1658,1661,1,14,0
CB330,1661,1662.5,0,15,0
CB330,1662.5,1666,1,16,0
CB330,1666,1670,0,17,0
CB330,1670,1680,1,18,0
CB330,1680,1696,0,19,0
CB330,1696,1700,1,20,0
CB330,1700,1708,0,21,0
CB330,1708,1712,1,22,0
CB330,1712,1718,0,23,0
CB330,1718,1725.5,1,24,0
CB330,1725.5,1734.5,0,25,0
CB330,1734.5,1739,1,26,0
CB330,1739,1746,0,27,0
CB330,1746,1758,1,28,0
CB330,1758,1782,0,29,0
CB330,1782,1785.5,1,30,0
CB330,1785.5,1794,0,31,0
CB330,1794,1795.5,1,32,0
CB330,1795.5,1808,0,33,0
CB330,1808,1820,1,34,0
CB330,1820,1822.5,0,35,0
CB330,1822.5,1834,1,36,0
CB330,1834,1843,0,37,0
CB330,1843,1875,1,38,0
CB330,1875,1880,0,39,0
CB330,1880,1893.5,1,40,0
CB330,1893.5,1896,0,41,0
CB330,1896,1902.5,1,42,0
CB330,1902.5,1905,0,43,0
CB330,1905,1925,1,44,0
CB330,1925,1927,0,45,0
CB330,1927,1930,1,46,0
CB330,1930,1940,0,47,0
CB330,1940,1953.4,1,48,-582.059544
CB341,1371.340456,1372,0,1,0
CB341,1372,1381,1,2,0
CB341,1381,1393,0,3,0
CB341,1393,1404,1,4,0
CB341,1404,1411.5,0,5,0
CB341,1411.5,1416.5,1,6,0
CB341,1416.5,1421,0,7,0
CB341,1421,1431,1,8,0
CB341,1431,1436.5,0,9,0
CB341,1436.5,1442.5,1,10,0
CB341,1442.5,1444.5,0,11,0
CB341,1444.5,1445.5,1,12,0
CB341,1445.5,1510.5,0,13,0
CB341,1510.5,1512,1,14,0
CB341,1512,1540,0,15,0
CB341,1540,1542,1,16,0
CB341,1542,1552.5,0,17,0
CB341,1552.5,1554,1,18,0
CB341,1554,1564.5,0,19,0
CB341,1564.5,1566,1,20,0
CB341,1566,1570.5,0,21,0
CB341,1570.5,1581.5,1,22,0
CB341,1581.5,1597,0,23,0
CB341,1597,1599,1,24,0
CB341,1599,1600,0,25,0
CB341,1600,1602,1,26,0
CB341,1602,1605.5,0,27,0
CB341,1605.5,1609.5,1,28,0
CB341,1609.5,1624.1,0,29,0
CB341,1624.1,1637.9,1,30,0
CB341,1637.9,1658,0,31,0
CB341,1658,1672,1,32,0
CB341,1672,1676,0,33,0
CB341,1676,1687.5,1,34,0
CB341,1687.5,1704,0,35,0
CB341,1704,1706,1,36,0
CB341,1706,1716.5,0,37,0
CB341,1716.5,1717.5,1,38,0
CB341,1717.5,1718,0,39,0
CB341,1718,1719,1,40,0
CB341,1719,1722,0,41,0
CB341,1722,1733.5,1,42,0
CB341,1733.5,1737,0,43,0
CB341,1737,1738,1,44,0
CB341,1738,1740,0,45,0
CB341,1740,1744,1,46,0
CB341,1744,1764,0,47,0
CB341,1764,1795.5,1,48,0
CB341,1795.5,1799.5,0,49,0
CB341,1799.5,1862.5,1,50,0
CB341,1862.5,1871.5,0,51,0
CB341,1871.5,1880.996837,1,52,-592.996837
CB42,1288,1295,0,1,0
CB42,1295,1304,1,2,0
CB42,1304,1332,0,3,0
CB42,1332,1336,1,4,0
CB42,1336,1353.5,0,5,0
CB42,1353.5,1356.5,1,6,0
CB42,1356.5,1377.5,0,7,0
CB42,1377.5,1381,1,8,0
CB42,1381,1399,0,9,0
CB42,1399,1401,1,10,0
CB42,1401,1408,0,11,0
CB42,1408,1412,1,12,0
CB42,1412,1428,0,13,0
CB42,1428,1435,1,14,0
CB42,1435,1503,0,15,0
CB42,1503,1515,1,16,0
CB42,1515,1557,0,17,0
CB42,1557,1563,1,18,0
CB42,1563,1599,0,19,0
CB42,1599,1601,1,20,0
CB42,1601,1631,0,21,0
CB42,1631,1635.5,1,22,0
CB42,1635.5,1647,0,23,0
CB42,1647,1702,1,24,0
CB42,1702,1703,0,25,0
CB42,1703,1722,1,26,-2
CB42,1720,1732,0,27,0
CB42,1732,1753.5,1,28,0
CB42,1753.5,1760,0,29,0
CB42,1760,1804,1,30,0
CB42,1804,1806.5,0,31,0
CB42,1806.5,1808.4,1,32,-517.6
CB43,1290.8,1296.5,1,1,0
CB43,1296.5,1313,0,2,0
CB43,1313,1323,1,3,0
CB43,1323,1346,0,4,0
CB43,1346,1348,1,5,0
CB43,1348,1361,0,6,0
CB43,1361,1366,1,7,0
CB43,1366,1369,0,8,0
CB43,1369,1372,1,9,0
CB43,1372,1391.5,0,10,0
CB43,1391.5,1392.5,1,11,0
CB43,1392.5,1427,0,12,0
CB43,1427,1431.5,1,13,0
CB43,1431.5,1459,0,14,0
CB43,1459,1465,1,15,0
CB43,1465,1483.5,0,16,0
CB43,1483.5,1489.5,1,17,0
CB43,1489.5,1501,0,18,0
CB43,1501,1505,1,19,0
CB43,1505,1508.5,0,20,0
CB43,1508.5,1510,1,21,0
CB43,1510,1520,0,22,0
CB43,1520,1528,1,23,0
CB43,1528,1547,0,24,0
CB43,1547,1553.5,1,25,0
CB43,1553.5,1558,0,26,0
CB43,1558,1560,1,27,0
CB43,1560,1571,0,28,0
CB43,1571,1573,1,29,0
CB43,1573,1583.5,0,30,0
CB43,1583.5,1588.5,1,31,0
CB43,1588.5,1599,0,32,0
CB43,1599,1602,1,33,0
CB43,1602,1612.5,0,34,0
CB43,1612.5,1613.5,1,35,0
CB43,1613.5,1633,0,36,0
CB43,1633,1651.5,1,37,0
CB43,1651.5,1652.5,0,38,0
CB43,1652.5,1660.5,1,39,0
CB43,1660.5,1661.5,0,40,0
CB43,1661.5,1671,1,41,0
CB43,1671,1687,0,42,0
CB43,1687,1689.5,1,43,0
CB43,1689.5,1691.5,0,44,0
CB43,1691.5,1708.5,1,45,0
CB43,1708.5,1709,0,46,0
CB43,1709,1710.5,1,47,0
CB43,1710.5,1718,0,48,0
CB43,1718,1761,1,49,0
CB43,1761,1766.5,0,50,0
CB43,1766.5,1783.5,1,51,0
CB43,1783.5,1797,0,52,0
CB43,1797,1801.5,1,53,0
CB43,1801.5,1803,0,54,0
CB43,1803,1804.5,1,55,0
CB43,1804.5,1808.5,0,56,-718.54
CB45,1089.96,1097,0,1,0
CB45,1097,1101.5,1,2,0
CB45,1101.5,1105,0,3,0
CB45,1105,1115,1,4,0
CB45,1115,1159,0,5,0
CB45,1159,1166,1,6,0
CB45,1166,1200,0,7,0
CB45,1200,1204,1,8,0
CB45,1204,1237.7,0,9,0
CB45,1237.7,1239.2,1,10,0
CB45,1239.2,1266.2,0,11,0
CB45,1266.2,1270.3,1,12,0
CB45,1270.3,1277.4,0,13,0
CB45,1277.4,1278.6,1,14,0
CB45,1278.6,1281.6,0,15,0
CB45,1281.6,1289.5,1,16,0
CB45,1289.5,1293,0,17,0
CB45,1293,1294.5,1,18,0
CB45,1294.5,1314.2,0,19,0
CB45,1314.2,1322.6,1,20,0
CB45,1322.6,1338.8,0,21,0
CB45,1338.8,1340.1,1,22,0
CB45,1340.1,1359.5,0,23,0
CB45,1359.5,1367.9,1,24,0
CB45,1367.9,1374,0,25,0
CB45,1374,1376,1,26,0
CB45,1376,1385,0,27,0
CB45,1385,1387.5,1,28,0
CB45,1387.5,1415.5,0,29,0
CB45,1415.5,1422,1,30,0
CB45,1422,1425,0,31,0
CB45,1425,1432.5,1,32,0
CB45,1432.5,1447.5,0,33,0
CB45,1447.5,1470,1,34,0
CB45,1470,1477.5,0,35,0
CB45,1477.5,1480,1,36,0
CB45,1480,1484.5,0,37,0
CB45,1484.5,1491,1,38,0
CB45,1491,1493.5,0,39,0
CB45,1493.5,1504.5,1,40,0
CB45,1504.5,1512.5,0,41,0
CB45,1512.5,1518,1,42,0
CB45,1518,1523.5,0,43,0
CB45,1523.5,1563,1,44,0
CB45,1563,1566.5,0,45,0
CB45,1566.5,1583.5,1,46,0
CB45,1583.5,1583.7,0,47,-271.1
CB50,1312.6,1433,0,1,-120.4
CB50,1312.6,1313,1,2,0
CB50,1313,1338,0,3,0
CB50,1338,1342.5,1,4,0
CB50,1342.5,1364,0,5,0
CB50,1364,1370,1,6,0
CB50,1370,1388,0,7,0
CB50,1388,1391,1,8,0
CB50,1391,1403,0,9,0
CB50,1403,1407,1,10,0
CB50,1407,1430.5,0,11,0
CB50,1430.5,1432.5,1,12,0
CB50,1432.5,1473,0,13,0
CB50,1473,1475,1,14,0
CB50,1475,1484,0,15,0
CB50,1484,1499,1,16,0
CB50,1499,1500.5,0,17,0
CB50,1500.5,1504,1,18,0
CB50,1504,1528,0,19,0
CB50,1528,1531,1,20,0
CB50,1531,1539,0,21,0
CB50,1539,1542.5,1,22,0
CB50,1542.5,1557,0,23,0
CB50,1557,1561,1,24,0
CB50,1561,1568,0,25,0
CB50,1568,1571,1,26,0
CB50,1571,1574,0,27,0
CB50,1574,1577,1,28,0
CB50,1577,1591,0,29,0
CB50,1591,1596,1,30,0
CB50,1596,1597,0,31,0
CB50,1597,1600,1,32,0
CB50,1600,1601.5,0,33,0
CB50,1601.5,1616.5,1,34,0
CB50,1616.5,1629,0,35,0
CB50,1629,1633.5,1,36,0
CB50,1633.5,1636,0,37,0
CB50,1636,1641.5,1,38,0
CB50,1641.5,1644.5,0,39,0
CB50,1644.5,1654,1,40,0
CB50,1654,1676.5,0,41,0
CB50,1676.5,1678,1,42,0
CB50,1678,1682.5,0,43,0
CB50,1682.5,1715.5,1,44,0
CB50,1715.5,1718,0,45,0
CB50,1718,1741,1,46,-241
CB602,1500,1515.5,1,1,0
CB602,1515.5,1517.5,0,2,0
CB602,1517.5,1530,1,3,0
CB602,1530,1531.5,0,4,0
CB602,1531.5,1546,1,5,0
CB602,1546,1547,0,6,0
CB602,1547,1550,1,7,0
CB602,1550,1554,0,8,0
CB602,1554,1583,1,9,0
CB602,1583,1585.5,0,10,0
CB602,1585.5,1593.5,1,11,0
CB602,1593.5,1595,0,12,0
CB602,1595,1601.8,1,13,-329.1
CB8,1272.7,1275.5,1,1,0
CB8,1275.5,1290.5,0,2,0
CB8,1290.5,1294,1,3,0
CB8,1294,1301,0,4,0
CB8,1301,1302.5,1,5,0
CB8,1302.5,1305.5,0,6,0
CB8,1305.5,1307,1,7,0
CB8,1307,1334.5,0,8,0
CB8,1334.5,1341,1,9,0
CB8,1341,1348.5,0,10,0
CB8,1348.5,1353,1,11,0
CB8,1353,1367.5,0,12,0
CB8,1367.5,1373.5,1,13,0
CB8,1373.5,1438,0,14,0
CB8,1438,1440.5,1,15,0
CB8,1440.5,1458.5,0,16,0
CB8,1458.5,1460,1,17,0
CB8,1460,1484,0,18,0
CB8,1484,1491.5,1,19,0
CB8,1491.5,1508.5,0,20,0
CB8,1508.5,1512.5,1,21,0
CB8,1512.5,1542,0,22,0
CB8,1542,1544,1,23,0
CB8,1544,1549,0,24,0
CB8,1549,1551,1,25,0
CB8,1551,1560.5,0,26,0
CB8,1560.5,1563.5,1,27,0
CB8,1563.5,1565,0,28,0
CB8,1565,1570,1,29,0
CB8,1570,1573.5,0,30,0
CB8,1573.5,1578.5,1,31,0
CB8,1578.5,1584,0,32,0
CB8,1584,1592.5,1,33,0
CB8,1592.5,1603.5,0,34,0
CB8,1603.5,1605.5,1,35,0
CB8,1605.5,1608.5,0,36,0
CB8,1608.5,1620,1,37,0
CB8,1620,1622.5,0,38,0
CB8,1622.5,1647,1,39,0
CB8,1647,1674.5,0,40,0
CB8,1674.5,1704.5,1,41,0
CB8,1704.5,1707.5,0,42,0
CB8,1707.5,1741,1,43,0
CB8,1741,1744,0,44,0
CB8,1744,1748,1,45,0
CB8,1748,1757,0,46,0
CB8,1757,1759.5,1,47,0
CB8,1759.5,1762.5,0,48,0
CB8,1762.5,1788,1,49,0
CB8,1788,1788.1,0,50,111.9
CB802,1900,1905.5,1,1,0
CB802,1905.5,1907,0,2,0
CB802,1907,1912,1,3,0
CB802,1912,1918,0,4,0
CB802,1918,1929.1,1,5,-228
CB803,1701.1,1705.3,1,1,94.7
CB803,1800,1823,0,2,0
CB803,1823,1842,1,3,0
CB803,1842,1845,0,4,0
CB803,1845,1847,1,5,0
CB803,1847,1855,0,6,0
CB803,1855,1857.5,1,7,0
CB803,1857.5,1864,0,8,0
CB803,1864,1883,1,9,0
CB803,1883,1889.5,0,10,0
CB803,1889.5,1897,1,11,0
CB803,1897,1920.5,0,12,0
CB803,1920.5,1929.5,1,13,0
CB803,1929.5,1934,0,14,0
CB803,1934,1936,1,15,0
CB803,1936,1938,0,16,0
CB803,1938,1939.5,1,17,0
CB803,1939.5,1942,0,18,0
CB803,1942,1946,1,19,0
CB803,1946,1949,0,20,0
CB803,1949,1954,1,21,0
CB803,1954,1957,0,22,0
CB803,1957,1965,1,23,0
CB803,1965,1968.5,0,24,0
CB803,1968.5,1970.5,1,25,0
CB803,1970.5,1983.4,0,26,-513.7
CB804,1469.7,1516.5,0,1,0
CB804,1516.5,1524.5,1,2,0
CB804,1524.5,1534,0,3,0
CB804,1534,1553,1,4,0
CB804,1553,1589.5,0,5,0
CB804,1589.5,1598,1,6,0
CB804,1598,1618.5,0,7,0
CB804,1618.5,1619.5,1,8,0
CB804,1619.5,1665,0,9,0
CB804,1665,1667.5,1,10,0
CB804,1667.5,1692,0,11,0
CB804,1692,1695,1,12,0
CB804,1695,1699.5,0,13,0
CB804,1699.5,1702,1,14,0
CB804,1702,1708,0,15,0
CB804,1708,1710,1,16,0
CB804,1710,1718.5,0,17,0
CB804,1718.5,1720.5,1,18,0
CB804,1720.5,1729,0,19,0
CB804,1729,1731.5,1,20,0
CB804,1731.5,1740.5,0,21,0
CB804,1740.5,1743.5,1,22,0
CB804,1743.5,1749,0,23,0
CB804,1749,1751,1,24,0
CB804,1751,1754,0,25,0
CB804,1754,1759,1,26,0
CB804,1759,1773.5,0,27,0
CB804,1773.5,1774.5,1,28,0
CB804,1774.5,1778,0,29,0
CB804,1778,1782.5,1,30,0
CB804,1782.5,1790.5,0,31,0
CB804,1790.5,1794,1,32,0
CB804,1794,1796,0,33,0
CB804,1796,1802,1,34,0
CB804,1802,1807.5,0,35,0
CB804,1807.5,1816,1,36,0
CB804,1816,1819.5,0,37,0
CB804,1819.5,1825,1,38,0
CB804,1825,1835,0,39,0
CB804,1835,1839,1,40,0
CB804,1839,1850,0,41,0
CB804,1850,1856.5,1,42,0
CB804,1856.5,1860,0,43,0
CB804,1860,1861,1,44,0
CB804,1861,1862,0,45,0
CB804,1862,1864,1,46,0
CB804,1864,1866,0,47,0
CB804,1866,1868.5,1,48,0
CB804,1868.5,1879,0,49,0
CB804,1879,1903.5,1,50,0
CB804,1903.5,1913,0,51,0
CB804,1913,1966,1,52,0
CB804,1966,1978,0,53,0
CB804,1978,1996.5,1,54,0
CB804,1996.5,2011,0,55,0
CB804,2011,2012.5,1,56,0
CB804,2012.5,2013.8,0,57,-646.7
CB805,1367.1,1373,0,1,0
CB805,1373,1382,1,2,0
CB805,1382,1390.5,0,3,0
CB805,1390.5,1396.5,1,4,0
CB805,1396.5,1419,0,5,0
CB805,1419,1431,1,6,0
CB805,1431,1449,0,7,0
CB805,1449,1451.5,1,8,0
CB805,1451.5,1506,0,9,0
CB805,1506,1517,1,10,0
CB805,1517,1540,0,11,0
CB805,1540,1541.5,1,12,0
CB805,1541.5,1546,0,13,0
CB805,1546,1548,1,14,0
CB805,1548,1553,0,15,0
CB805,1553,1554,1,16,0
CB805,1554,1577,0,17,0
CB805,1577,1580.5,1,18,0
CB805,1580.5,1608,0,19,0
CB805,1608,1612.5,1,20,0
CB805,1612.5,1622.5,0,21,0
CB805,1622.5,1624.5,1,22,0
CB805,1624.5,1638,0,23,0
CB805,1638,1641,1,24,0
CB805,1641,1650.5,0,25,0
CB805,1650.5,1653,1,26,0
CB805,1653,1668,0,27,0
CB805,1668,1670,1,28,0
CB805,1670,1679.5,0,29,0
CB805,1679.5,1681.5,1,30,0
CB805,1681.5,1699,0,31,0
CB805,1699,1700.5,1,32,0
CB805,1700.5,1702,0,33,0
CB805,1702,1707.5,1,34,0
CB805,1707.5,1717.5,0,35,0
CB805,1717.5,1719,1,36,0
CB805,1719,1723.5,0,37,0
CB805,1723.5,1729,1,38,0
CB805,1729,1751,0,39,0
CB805,1751,1760.5,1,40,0
CB805,1760.5,1761.5,0,41,0
CB805,1761.5,1812.5,1,42,0
CB805,1812.5,1813.5,0,43,0
CB805,1813.5,1822.5,1,44,0
CB805,1822.5,1828.5,0,45,0
CB805,1828.5,1829.5,1,46,0
CB805,1829.5,1848,0,47,0
CB805,1848,1880.4,1,48,-580.4
CB807,1300,1325.5,0,1,0
CB807,1325.5,1327,1,2,0
CB807,1327,1328.5,0,3,0
CB807,1328.5,1333,1,4,0
CB807,1333,1352,0,5,0
CB807,1352,1354.5,1,6,0
CB807,1354.5,1359,0,7,0
CB807,1359,1373,1,8,0
CB807,1373,1380.5,0,9,0
CB807,1380.5,1381.5,1,10,0
CB807,1381.5,1393,0,11,0
CB807,1393,1395.5,1,12,0
CB807,1395.5,1399,0,13,0
CB807,1399,1403.5,1,14,0
CB807,1403.5,1416,0,15,0
CB807,1416,1419,1,16,0
CB807,1419,1455,0,17,0
CB807,1455,1458,1,18,0
CB807,1458,1502,0,19,0
CB807,1502,1508.5,1,20,0
CB807,1508.5,1512,0,21,0
CB807,1512,1513.5,1,22,0
CB807,1513.5,1517.5,0,23,0
CB807,1517.5,1518.5,1,24,0
CB807,1518.5,1529,0,25,0
CB807,1529,1530.5,1,26,0
CB807,1530.5,1537.5,0,27,0
CB807,1537.5,1541,1,28,0
CB807,1541,1556,0,29,0
CB807,1556,1557,1,30,0
CB807,1557,1562,0,31,0
CB807,1562,1564.5,1,32,0
CB807,1564.5,1570,0,33,0
CB807,1570,1577.5,1,34,0
CB807,1577.5,1589,0,35,0
CB807,1589,1594,1,36,0
CB807,1594,1598,0,37,0
CB807,1598,1599.5,1,38,0
CB807,1599.5,1613,0,39,0
CB807,1613,1618,1,40,0
CB807,1618,1626.5,0,41,0
CB807,1626.5,1630.5,1,42,0
CB807,1630.5,1642,0,43,0
CB807,1642,1647,1,44,0
CB807,1647,1657.5,0,45,0
CB807,1657.5,1670,1,46,0
CB807,1670,1673,0,47,0
CB807,1673,1674,1,48,0
CB807,1674,1676.5,0,49,0
CB807,1676.5,1678,1,50,0
CB807,1678,1679,0,51,0
CB807,1679,1682,1,52,0
CB807,1682,1684,0,53,0
CB807,1684,1689,1,54,0
CB807,1689,1690,0,55,0
CB807,1690,1693,1,56,0
CB807,1693,1695,0,57,0
CB807,1695,1732,1,58,0
CB807,1732,1735.5,0,59,0
CB807,1735.5,1739,1,60,0
CB807,1739,1746,0,61,0
CB807,1746,1779.5,1,62,0
CB807,1779.5,1779.8,0,63,20.2
CB809,1800,1804,1,1,0
CB809,1804,1805.5,0,2,0
CB809,1805.5,1815,1,3,0
CB809,1815,1817.5,0,4,0
CB809,1817.5,1820.5,1,5,0
CB809,1820.5,1823,0,6,0
CB809,1823,1832,1,7,0
CB809,1832,1833,0,8,0
CB809,1833,1840,1,9,0
CB809,1840,1842,0,10,0
CB809,1842,1855,1,11,0
CB809,1855,1862,0,12,0
CB809,1862,1867,1,13,0
CB809,1867,1874,0,14,0
CB809,1874,1874.9,1,15,-74.9
CB809C,1800,1802,1,1,0
CB809C,1802,1804,0,2,0
CB809C,1804,1807,1,3,0
CB809C,1807,1809,0,4,0
CB809C,1809,1823,1,5,0
CB809C,1823,1825.5,0,6,0
CB809C,1825.5,1827,1,7,0
CB809C,1827,1828.5,0,8,0
CB809C,1828.5,1831.5,1,9,0
CB809C,1831.5,1832.5,0,10,0
CB809C,1832.5,1841,1,11,0
CB809C,1841,1842.5,0,12,0
CB809C,1842.5,1853,1,13,0
CB809C,1853,1854,0,14,0
CB809C,1854,1861.8,1,15,-524.2
CB812,1337.6,1341.5,1,1,0
CB812,1341.5,1360,0,2,0
CB812,1360,1363,1,3,0
CB812,1363,1370,0,4,0
CB812,1370,1375,1,5,0
CB812,1375,1404,0,6,0
CB812,1404,1406,1,7,0
CB812,1406,1411.5,0,8,0
CB812,1411.5,1417,1,9,0
CB812,1417,1431,0,10,0
CB812,1431,1440.5,1,11,0
CB812,1440.5,1469.5,0,12,0
CB812,1469.5,1471,1,13,0
CB812,1471,1479,0,14,0
CB812,1479,1485,1,15,0
CB812,1485,1493.5,0,16,0
CB812,1493.5,1495,1,17,0
CB812,1495,1561,0,18,0
CB812,1561,1566,1,19,0
CB812,1566,1570.5,0,20,0
CB812,1570.5,1575,1,21,0
CB812,1575,1602,0,22,0
CB812,1602,1606,1,23,0
CB812,1606,1619,0,24,0
CB812,1619,1623,1,25,0
CB812,1623,1632,0,26,0
CB812,1632,1642.5,1,27,0
CB812,1642.5,1648,0,28,0
CB812,1648,1649.5,1,29,0
CB812,1649.5,1651.5,0,30,0
CB812,1651.5,1657,1,31,0
CB812,1657,1663,0,32,0
CB812,1663,1668,1,33,0
CB812,1668,1681.5,0,34,0
CB812,1681.5,1689,1,35,0
CB812,1689,1707,0,36,0
CB812,1707,1708.5,1,37,0
CB812,1708.5,1713.5,0,38,0
CB812,1713.5,1715.5,1,39,0
CB812,1715.5,1729,0,40,0
CB812,1729,1744,1,41,0
CB812,1744,1746.5,0,42,0
CB812,1746.5,1771.5,1,43,0
CB812,1771.5,1773,0,44,0
CB812,1773,1777.5,1,45,0
CB812,1777.5,1778.5,0,46,0
CB812,1778.5,1802,1,47,0
CB812,1802,1805,0,48,0
CB812,1805,1812,1,49,0
CB812,1812,1814,0,50,0
CB812,1814,1817,1,51,0
CB812,1817,1830,0,52,0
CB812,1830,1849.5,1,53,0
CB812,1849.5,1851.5,0,54,0
CB812,1851.5,1867.3,1,55,-535.91
CB813,1331.39,1335.5,1,1,0
CB813,1335.5,1343.5,0,2,0
CB813,1343.5,1350,1,3,0
CB813,1350,1380.5,0,4,0
CB813,1380.5,1383,1,5,0
CB813,1383,1453,0,6,0
CB813,1453,1456.5,1,7,0
CB813,1456.5,1468,0,8,0
CB813,1468,1474,1,9,0
CB813,1474,1493.5,0,10,0
CB813,1493.5,1495,1,11,0
CB813,1495,1535,0,12,0
CB813,1535,1542,1,13,0
CB813,1542,1579,0,14,0
CB813,1579,1580.5,1,15,0
CB813,1580.5,1616,0,16,0
CB813,1616,1624,1,17,0
CB813,1624,1631.5,0,18,0
CB813,1631.5,1634,1,19,0
CB813,1634,1636,0,20,0
CB813,1636,1640,1,21,0
CB813,1640,1644,0,22,0
CB813,1644,1652,1,23,0
CB813,1652,1665,0,24,0
CB813,1665,1666.5,1,25,0
CB813,1666.5,1676,0,26,0
CB813,1676,1677.5,1,27,0
CB813,1677.5,1679,0,28,0
CB813,1679,1683.5,1,29,0
CB813,1683.5,1700,0,30,0
CB813,1700,1707.5,1,31,0
CB813,1707.5,1724,0,32,0
CB813,1724,1731.5,1,33,0
CB813,1731.5,1734.5,0,34,0
CB813,1734.5,1739,1,35,0
CB813,1739,1749,0,36,0
CB813,1749,1818.5,1,37,0
CB813,1818.5,1820,0,38,0
CB813,1820,1858.5,1,39,0
CB813,1858.5,1863.5,0,40,0
CB813,1863.5,1908,1,41,0
CB813,1908,1916.345,0,42,-412.742
CB817,1503.603,1529,0,1,0
CB817,1529,1532,1,2,0
CB817,1532,1550,0,3,0
CB817,1550,1552,1,4,0
CB817,1552,1574.5,0,5,0
CB817,1574.5,1577,1,6,0
CB817,1577,1584,0,7,0
CB817,1584,1587,1,8,0
CB817,1587,1619,0,9,0
CB817,1619,1622,1,10,0
CB817,1622,1639,0,11,0
CB817,1639,1647.5,1,12,0
CB817,1647.5,1656.5,0,13,0
CB817,1656.5,1661,1,14,0
CB817,1661,1684.5,0,15,0
CB817,1684.5,1691,1,16,0
CB817,1691,1699.5,0,17,0
CB817,1699.5,1703,1,18,0
CB817,1703,1725,0,19,0
CB817,1725,1730,1,20,0
CB817,1730,1733,0,21,0
CB817,1733,1738,1,22,0
CB817,1738,1745.5,0,23,0
CB817,1745.5,1758,1,24,0
CB817,1758,1762.5,0,25,0
CB817,1762.5,1767.5,1,26,0
CB817,1767.5,1780,0,27,0
CB817,1780,1789,1,28,0
CB817,1789,1797,0,29,0
CB817,1797,1803,1,30,0
CB817,1803,1819,0,31,0
CB817,1819,1821,1,32,0
CB817,1821,1828,0,33,0
CB817,1828,1831,1,34,0
CB817,1831,1835,0,35,0
CB817,1835,1842,1,36,0
CB817,1842,1847,0,37,0
CB817,1847,1860,1,38,0
CB817,1860,1886,0,39,0
CB817,1886,1888.5,1,40,0
CB817,1888.5,1890,0,41,0
CB817,1890,1910.5,1,42,0
CB817,1910.5,1918,0,43,0
CB817,1918,1923,1,44,0
CB817,1923,1924.5,0,45,0
CB817,1924.5,1951,1,46,0
CB817,1951,1960,0,47,0
CB817,1960,1961,1,48,0
CB817,1961,1964.5,0,49,0
CB817,1964.5,1973,1,50,0
CB817,1973,1988,0,51,0
CB817,1988,2027,1,52,0
CB817,2027,2037,0,53,0
CB817,2037,2043.272,1,54,-43.272
CB818,2000,2001.597,0,1,-559.831
CB84,1441.766,1516,0,1,0
CB84,1516,1518,1,2,0
CB84,1518,1522.5,0,3,0
CB84,1522.5,1526,1,4,0
CB84,1526,1574,0,5,0
CB84,1574,1580,1,6,0
CB84,1580,1590,0,7,0
CB84,1590,1591.5,1,8,0
CB84,1591.5,1618,0,9,0
CB84,1618,1620,1,10,0
CB84,1620,1643,0,11,0
CB84,1643,1645,1,12,0
CB84,1645,1649.5,0,13,0
CB84,1649.5,1652.5,1,14,0
CB84,1652.5,1660,0,15,0
CB84,1660,1663.5,1,16,0
CB84,1663.5,1665,0,17,0
CB84,1665,1666,1,18,0
CB84,1666,1678,0,19,0
CB84,1678,1683,1,20,0
CB84,1683,1688,0,21,0
CB84,1688,1695.5,1,22,0
CB84,1695.5,1712,0,23,0
CB84,1712,1716,1,24,0
CB84,1716,1736,0,25,0
CB84,1736,1746,1,26,0
CB84,1746,1750,0,27,0
CB84,1750,1761,1,28,0
CB84,1761,1772,0,29,0
CB84,1772,1775,1,30,0
CB84,1775,1779,0,31,0
CB84,1779,1784.5,1,32,0
CB84,1784.5,1793,0,33,0
CB84,1793,1796,1,34,0
CB84,1796,1799,0,35,0
CB84,1799,1821,1,36,0
CB84,1821,1822,0,37,0
CB84,1822,1824,1,38,0
CB84,1824,1838.5,0,39,0
CB84,1838.5,1866,1,40,0
CB84,1866,1873.5,0,41,0
CB84,1873.5,1884.5,1,42,0
CB84,1884.5,1899.5,0,43,0
CB84,1899.5,1946.5,1,44,0
CB84,1946.5,1951,0,45,0
CB84,1951,1951.088,1,46,-700.177
CBG10,1250.911,1277.5,0,1,0
CBG10,1277.5,1285.5,1,2,0
CBG10,1285.5,1302,0,3,0
CBG10,1302,1306.5,1,4,0
CBG10,1306.5,1317,0,5,0
CBG10,1317,1323.5,1,6,0
CBG10,1323.5,1343.5,0,7,0
CBG10,1343.5,1345.5,1,8,0
CBG10,1345.5,1388,0,9,0
CBG10,1388,1391.5,1,10,0
CBG10,1391.5,1394.5,0,11,0
CBG10,1394.5,1407,1,12,0
CBG10,1407,1455.5,0,13,0
CBG10,1455.5,1458,1,14,0
CBG10,1458,1481,0,15,0
CBG10,1481,1485.5,1,16,0
CBG10,1485.5,1517.5,0,17,0
CBG10,1517.5,1524.5,1,18,0
CBG10,1524.5,1543.5,0,19,0
CBG10,1543.5,1546.5,1,20,0
CBG10,1546.5,1556.5,0,21,0
CBG10,1556.5,1579,1,22,0
CBG10,1579,1593,0,23,0
CBG10,1593,1599,1,24,0
CBG10,1599,1611,0,25,0
CBG10,1611,1616,1,26,0
CBG10,1616,1621,0,27,0
CBG10,1621,1638,1,28,0
CBG10,1638,1645,0,29,0
CBG10,1645,1647.5,1,30,0
CBG10,1647.5,1652,0,31,0
CBG10,1652,1712.5,1,32,0
CBG10,1712.5,1721,0,33,0
CBG10,1721,1743.5,1,34,0
CBG10,1743.5,1752,0,35,0
CBG10,1752,1754.5,1,36,0
CBG10,1754.5,1769.025,0,37,-426.398
CBG11,1342.627,1351,0,1,0
CBG11,1351,1356.5,1,2,0
CBG11,1356.5,1411,0,3,0
CBG11,1411,1420.5,1,4,0
CBG11,1420.5,1498,0,5,0
CBG11,1498,1504.5,1,6,0
CBG11,1504.5,1532.5,0,7,0
CBG11,1532.5,1536,1,8,0
CBG11,1536,1538.5,0,9,0
CBG11,1538.5,1541,1,10,0
CBG11,1541,1548,0,11,0
CBG11,1548,1551,1,12,0
CBG11,1551,1557,0,13,0
CBG11,1557,1565,1,14,0
CBG11,1565,1572,0,15,0
CBG11,1572,1574.5,1,16,0
CBG11,1574.5,1580.5,0,17,0
CBG11,1580.5,1591,1,18,0
CBG11,1591,1596,0,19,0
CBG11,1596,1601.5,1,20,0
CBG11,1601.5,1609,0,21,0
CBG11,1609,1627,1,22,0
CBG11,1627,1638,0,23,0
CBG11,1638,1645,1,24,0
CBG11,1645,1648,0,25,0
CBG11,1648,1659,1,26,0
CBG11,1659,1673,0,27,0
CBG11,1673,1682.5,1,28,0
CBG11,1682.5,1702,0,29,0
CBG11,1702,1708,1,30,0
CBG11,1708,1715,0,31,0
CBG11,1715,1759.5,1,32,0
CBG11,1759.5,1768,0,33,0
CBG11,1768,1813.5,1,34,0
CBG11,1813.5,1817.5,0,35,0
CBG11,1817.5,1847.5,1,36,0
CBG11,1847.5,1850,0,37,0
CBG11,1850,1854.068,1,38,-469.242
CBG4,1384.826,1408,0,1,0
CBG4,1408,1418,1,2,0
CBG4,1418,1432,0,3,0
CBG4,1432,1437,1,4,0
CBG4,1437,1468,0,5,0
CBG4,1468,1470,1,6,0
CBG4,1470,1484,0,7,0
CBG4,1484,1486.5,1,8,0
CBG4,1486.5,1517,0,9,0
CBG4,1517,1520,1,10,0
CBG4,1520,1562.5,0,11,0
CBG4,1562.5,1564,1,12,0
CBG4,1564,1569,0,13,0
CBG4,1569,1572,1,14,0
CBG4,1572,1630,0,15,0
CBG4,1630,1635,1,16,0
CBG4,1635,1641,0,17,0
CBG4,1641,1645,1,18,0
CBG4,1645,1656,0,19,0
CBG4,1656,1663,1,20,0
CBG4,1663,1669,0,21,0
CBG4,1669,1672,1,22,0
CBG4,1672,1689,0,23,0
CBG4,1689,1695,1,24,0
CBG4,1695,1700,0,25,0
CBG4,1700,1705,1,26,0
CBG4,1705,1706,0,27,0
CBG4,1706,1715,1,28,0
CBG4,1715,1720,0,29,0
CBG4,1720,1721,1,30,0
CBG4,1721,1723,0,31,0
CBG4,1723,1729,1,32,0
CBG4,1729,1732,0,33,0
CBG4,1732,1736,1,34,0
CBG4,1736,1749,0,35,0
CBG4,1749,1806,1,36,0
CBG4,1806,1807,0,37,0
CBG4,1807,1824,1,38,0
CBG4,1824,1825,0,39,0
CBG4,1825,1827,1,40,0
CBG4,1827,1830,0,41,0
CBG4,1830,1862,1,42,0
CBG4,1862,1875,0,43,0
CBG4,1875,1877,1,44,0
CBG4,1877,1883,0,45,0
CBG4,1883,1885,1,46,0
CBG4,1885,1894,0,47,0
CBG4,1894,1905,1,48,0
CBG4,1905,1911,0,49,0
CBG4,1911,1915,1,50,0
CBG4,1915,1916,0,51,0
CBG4,1916,1919.146,1,52,-623.346
CBG406,1295.8,1299,0,1,0
CBG406,1299,1301,1,2,0
CBG406,1301,1343,0,3,0
CBG406,1343,1352.8,1,4,0
CBG406,1352.8,1430.8,0,5,0
CBG406,1430.8,1438.5,1,6,0
CBG406,1438.5,1482.5,0,7,0
CBG406,1482.5,1485.5,1,8,0
CBG406,1485.5,1492.5,0,9,0
CBG406,1492.5,1494,1,10,0
CBG406,1494,1499.5,0,11,0
CBG406,1499.5,1501,1,12,0
CBG406,1501,1508,0,13,0
CBG406,1508,1512,1,14,0
CBG406,1512,1525.5,0,15,0
CBG406,1525.5,1530.5,1,16,0
CBG406,1530.5,1554.5,0,17,0
CBG406,1554.5,1557.5,1,18,0
CBG406,1557.5,1562.5,0,19,0
CBG406,1562.5,1566.5,1,20,0
CBG406,1566.5,1613,0,21,0
CBG406,1613,1616,1,22,0
CBG406,1616,1635,0,23,0
CBG406,1635,1637,1,24,0
CBG406,1637,1657,0,25,0
CBG406,1657,1674.5,1,26,0
CBG406,1674.5,1681,0,27,0
CBG406,1681,1744.5,1,28,0
CBG406,1744.5,1754.8,0,29,0
CBG406,1754.8,1778,1,30,0
CBG406,1778,1792,0,31,0
CBG406,1792,1794,1,32,0
CBG406,1794,1800.5,0,33,0
CBG406,1800.5,1804.954,1,34,-474.454
CD9,1330.5,1340.5,0,1,0
CD9,1340.5,1355.5,1,2,0
CD9,1355.5,1379,0,3,0
CD9,1379,1389.5,1,4,0
CD9,1389.5,1411.5,0,5,0
CD9,1411.5,1413.5,1,6,0
CD9,1413.5,1421,0,7,0
CD9,1421,1424,1,8,0
CD9,1424,1460,0,9,0
CD9,1460,1466,1,10,0
CD9,1466,1497.5,0,11,0
CD9,1497.5,1500,1,12,0
CD9,1500,1518,0,13,0
CD9,1518,1524,1,14,0
CD9,1524,1533,0,15,0
CD9,1533,1537,1,16,0
CD9,1537,1547,0,17,0
CD9,1547,1550,1,18,0
CD9,1550,1560,0,19,0
CD9,1560,1562.5,1,20,0
CD9,1562.5,1563.5,0,21,0
CD9,1563.5,1564.5,1,22,0
CD9,1564.5,1565,0,23,0
CD9,1565,1583.5,1,24,0
CD9,1583.5,1585,0,25,0
CD9,1585,1629.5,1,26,0
CD9,1629.5,1632,0,27,0
CD9,1632,1641.5,1,28,0
CD9,1641.5,1644,0,29,0
CD9,1644,1650,1,30,0
CD9,1650,1652.5,0,31,0
CD9,1652.5,1688.5,1,32,0
CD9,1688.5,1689.6,0,33,-161.6
SHH10,1528,1529,1,1,0
SHH10,1529,1590.5,0,2,0
SHH10,1590.5,1593,1,3,0
SHH10,1593,1656,0,4,0
SHH10,1656,1659,1,5,0
SHH10,1659,1686,0,6,0
SHH10,1686,1688,1,7,0
SHH10,1688,1699,0,8,0
SHH10,1699,1700.5,1,9,0
SHH10,1700.5,1704,0,10,0
SHH10,1704,1707,1,11,0
SHH10,1707,1717.5,0,12,0
SHH10,1717.5,1718.5,1,13,0
SHH10,1718.5,1722,0,14,0
SHH10,1722,1724,1,15,0
SHH10,1724,1734,0,16,0
SHH10,1734,1738,1,17,0
SHH10,1738,1773,0,18,0
SHH10,1773,1776,1,19,0
SHH10,1776,1795,0,20,0
SHH10,1795,1798,1,21,0
SHH10,1798,1800,0,22,0
SHH10,1800,1810,1,23,0
SHH10,1810,1814,0,24,0
SHH10,1814,1816,1,25,0
SHH10,1816,1819,0,26,0
SHH10,1819,1820.5,1,27,0
SHH10,1820.5,1823,0,28,0
SHH10,1823,1826,1,29,0
SHH10,1826,1838,0,30,0
SHH10,1838,1870,1,31,0
SHH10,1870,1875,0,32,0
SHH10,1875,1910,1,33,0
SHH10,1910,1918,0,34,0
SHH10,1918,1929,1,35,0
SHH10,1929,1934,0,36,0
SHH10,1934,1956,1,37,0
SHH10,1956,1961,0,38,0
SHH10,1961,1972,1,39,0
SHH10,1972,1974,0,40,0
SHH10,1974,2010,1,41,0
SHH10,2010,2012,0,42,0
SHH10,2012,2015,1,43,0
SHH10,2015,2024,0,44,0
SHH10,2024,2041,1,45,0
SHH10,2041,2063,0,46,0
SHH10,2063,2064.2,1,47,-1006.97
SHH2,1057.23,1062,0,1,0
SHH2,1062,1063.5,1,2,0
SHH2,1063.5,1070,0,3,0
SHH2,1070,1083,1,4,0
SHH2,1083,1118.5,0,5,0
SHH2,1118.5,1128,1,6,0
SHH2,1128,1156.5,0,7,0
SHH2,1156.5,1159.5,1,8,0
SHH2,1159.5,1166,0,9,0
SHH2,1166,1170,1,10,0
SHH2,1170,1210,0,11,-0.2
SHH2,1209.8,1213.5,1,12,0
SHH2,1213.5,1234,0,13,0
SHH2,1234,1237,1,14,0
SHH2,1237,1243.5,0,15,0
SHH2,1243.5,1246,1,16,0
SHH2,1246,1252.5,0,17,-0.2
SHH2,1252.3,1257,1,18,0
SHH2,1257,1265,0,19,-0.5
SHH2,1264.5,1271,1,20,0
SHH2,1271,1286,0,21,0
SHH2,1286,1305,1,22,0
SHH2,1305,1324,0,23,0
SHH2,1324,1328.5,1,24,0
SHH2,1328.5,1350.5,0,25,0
SHH2,1350.5,1354.5,1,26,0
SHH2,1354.5,1362,0,27,0
SHH2,1362,1366.5,1,28,0
SHH2,1366.5,1378.5,0,29,0
SHH2,1378.5,1388.5,1,30,0
SHH2,1388.5,1395.5,0,31,0
SHH2,1395.5,1398,1,32,0
SHH2,1398,1406,0,33,0
SHH2,1406,1445.5,1,34,0
SHH2,1445.5,1451,0,35,0
SHH2,1451,1457,1,36,0
SHH2,1457,1464.5,0,37,0
SHH2,1464.5,1472,1,38,0
SHH2,1472,1478.5,0,39,0
SHH2,1478.5,1481,1,40,0
SHH2,1481,1486,0,41,0
SHH2,1486,1516.185,1,42,-344.518
SHH202,1171.667,1186.5,0,1,0
SHH202,1186.5,1191,1,2,0
SHH202,1191,1225.5,0,3,0
SHH202,1225.5,1229,1,4,0
SHH202,1229,1240,0,5,0
SHH202,1240,1242,1,6,0
SHH202,1242,1274,0,7,0
SHH202,1274,1275.5,1,8,0
SHH202,1275.5,1333,0,9,-0.1
SHH202,1332.9,1336,1,10,0
SHH202,1336,1353,0,11,-0.8
SHH202,1352.2,1354,1,12,0
SHH202,1354,1360,0,13,0
SHH202,1360,1363,1,14,0
SHH202,1363,1370.5,0,15,0
SHH202,1370.5,1372,1,16,0
SHH202,1372,1373.5,0,17,0
SHH202,1373.5,1384,1,18,0
SHH202,1384,1400,0,19,0
SHH202,1400,1403.5,1,20,0
SHH202,1403.5,1404.5,0,21,0
SHH202,1404.5,1406,1,22,0
SHH202,1406,1414,0,23,0
SHH202,1414,1416.5,1,24,0
SHH202,1416.5,1428,0,25,0
SHH202,1428,1434.5,1,26,0
SHH202,1434.5,1446.5,0,27,0
SHH202,1446.5,1450,1,28,0
SHH202,1450,1453,0,29,0
SHH202,1453,1464,1,30,0
SHH202,1464,1469,0,31,0
SHH202,1469,1488,1,32,0
SHH202,1488,1492,0,33,0
SHH202,1492,1498,1,34,0
SHH202,1498,1511,0,35,0
SHH202,1511,1514,1,36,0
SHH202,1514,1523,0,37,0
SHH202,1523,1567.5,1,38,0
SHH202,1567.5,1569,0,39,0
SHH202,1569,1588,1,40,0
SHH202,1588,1589.5,0,41,0
SHH202,1589.5,1606.5,1,42,0
SHH202,1606.5,1612,0,43,0
SHH202,1612,1633.182,1,44,-426.226
SHH3,1206.956,1232,0,1,0
SHH3,1232,1233.5,1,2,0
SHH3,1233.5,1263,0,3,0
SHH3,1263,1267,1,4,0
SHH3,1267,1283,0,5,0
SHH3,1283,1284,1,6,0
SHH3,1284,1312,0,7,0
SHH3,1312,1317,1,8,0
SHH3,1317,1354,0,9,0
SHH3,1354,1359,1,10,0
SHH3,1359,1374,0,11,0
SHH3,1374,1376,1,12,0
SHH3,1376,1383,0,13,0
SHH3,1383,1384,1,14,0
SHH3,1384,1388,0,15,0
SHH3,1388,1389,1,16,0
SHH3,1389,1391,0,17,0
SHH3,1391,1394,1,18,0
SHH3,1394,1399,0,19,0
SHH3,1399,1405,1,20,0
SHH3,1405,1410,0,21,0
SHH3,1410,1414,1,22,0
SHH3,1414,1417,0,23,0
SHH3,1417,1419,1,24,0
SHH3,1419,1420,0,25,0
SHH3,1420,1422,1,26,0
SHH3,1422,1427,0,27,0
SHH3,1427,1428,1,28,0
SHH3,1428,1443,0,29,0
SHH3,1443,1444,1,30,0
SHH3,1444,1449,0,31,0
SHH3,1449,1450,1,32,0
SHH3,1450,1460,0,33,0
SHH3,1460,1471,1,34,0
SHH3,1471,1474,0,35,0
SHH3,1474,1475,1,36,0
SHH3,1475,1478,0,37,0
SHH3,1478,1479,1,38,0
SHH3,1479,1484,0,39,0
SHH3,1484,1485,1,40,0
SHH3,1485,1489,0,41,0
SHH3,1489,1493,1,42,0
SHH3,1493,1494,0,43,0
SHH3,1494,1495,1,44,0
SHH3,1495,1505,0,45,0
SHH3,1505,1506,1,46,0
SHH3,1506,1523,0,47,0
SHH3,1523,1526,1,48,0
SHH3,1526,1528,0,49,0
SHH3,1528,1529,1,50,0
SHH3,1529,1539,0,51,0
SHH3,1539,1540,1,52,0
SHH3,1540,1541,0,53,0
SHH3,1541,1544,1,54,0
SHH3,1544,1545,0,55,0
SHH3,1545,1547,1,56,0
SHH3,1547,1548,0,57,0
SHH3,1548,1609,1,58,0
SHH3,1609,1613,0,59,0
SHH3,1613,1629,1,60,0
SHH3,1629,1632,0,61,0
SHH3,1632,1646,1,62,0
SHH3,1646,1647,0,63,0
SHH3,1647,1656,1,64,0
SHH3,1656,1659,0,65,0
SHH3,1659,1662.401,1,66,-546.908118
SHH4,1115.492882,1116,0,1,0
SHH4,1116,1126,1,2,0
SHH4,1126,1139.5,0,3,0
SHH4,1139.5,1145.5,1,4,0
SHH4,1145.5,1159,0,5,0
SHH4,1159,1161,1,6,0
SHH4,1161,1192,0,7,0
SHH4,1192,1204,1,8,0
SHH4,1204,1207,0,9,0
SHH4,1207,1208,1,10,0
SHH4,1208,1211.5,0,11,0
SHH4,1211.5,1220.5,1,12,0
SHH4,1220.5,1259.5,0,13,-1.2
SHH4,1258.3,1264.5,1,14,0
SHH4,1264.5,1267.5,0,15,0
SHH4,1267.5,1269,1,16,0
SHH4,1269,1271,0,17,0
SHH4,1271,1272,1,18,0
SHH4,1272,1291.5,0,19,0
SHH4,1291.5,1296.5,1,20,0
SHH4,1296.5,1321.5,0,21,0
SHH4,1321.5,1322.5,1,22,0
SHH4,1322.5,1332,0,23,0
SHH4,1332,1336.5,1,24,0
SHH4,1336.5,1351,0,25,0
SHH4,1351,1356.5,1,26,0
SHH4,1356.5,1360.5,0,27,0
SHH4,1360.5,1363,1,28,0
SHH4,1363,1370,0,29,0
SHH4,1370,1372.5,1,30,0
SHH4,1372.5,1375,0,31,0
SHH4,1375,1379.5,1,32,0
SHH4,1379.5,1386.5,0,33,0
SHH4,1386.5,1390,1,34,0
SHH4,1390,1397.5,0,35,0
SHH4,1397.5,1398.5,1,36,0
SHH4,1398.5,1401,0,37,-2.4
SHH4,1398.6,1405.5,1,38,0
SHH4,1405.5,1411,0,39,0
SHH4,1411,1417,1,40,0
SHH4,1417,1418.5,0,41,0
SHH4,1418.5,1423,1,42,0
SHH4,1423,1427.5,0,43,0
SHH4,1427.5,1432.5,1,44,0
SHH4,1432.5,1437,0,45,0
SHH4,1437,1438,1,46,0
SHH4,1438,1444,0,47,0
SHH4,1444,1448.5,1,48,0
SHH4,1448.5,1461,0,49,0
SHH4,1461,1462.5,1,50,0
SHH4,1462.5,1463.300683,0,51,-136.900683
SHH5,1326.4,1332.5,0,1,0
SHH5,1332.5,1356,1,2,0
SHH5,1356,1361,0,3,0
SHH5,1361,1368,1,4,0
SHH5,1368,1384,0,5,0
SHH5,1384,1388,1,6,0
SHH5,1388,1406,0,7,0
SHH5,1406,1408,1,8,0
SHH5,1408,1486,0,9,0
SHH5,1486,1487.5,1,10,0
SHH5,1487.5,1489.5,0,11,0
SHH5,1489.5,1491,1,12,0
SHH5,1491,1567,0,13,0
SHH5,1567,1570,1,14,0
SHH5,1570,1578,0,15,0
SHH5,1578,1582,1,16,0
SHH5,1582,1596,0,17,0
SHH5,1596,1599,1,18,0
SHH5,1599,1604,0,19,0
SHH5,1604,1608,1,20,0
SHH5,1608,1616,0,21,0
SHH5,1616,1622,1,22,0
SHH5,1622,1634,0,23,0
SHH5,1634,1636,1,24,0
SHH5,1636,1643,0,25,0
SHH5,1643,1649.5,1,26,0
SHH5,1649.5,1654.5,0,27,0
SHH5,1654.5,1660.5,1,28,0
SHH5,1660.5,1666,0,29,0
SHH5,1666,1668,1,30,0
SHH5,1668,1672,0,31,0
SHH5,1672,1681,1,32,0
SHH5,1681,1684,0,33,0
SHH5,1684,1688,1,34,0
SHH5,1688,1695.5,0,35,0
SHH5,1695.5,1704,1,36,0
SHH5,1704,1707,0,37,0
SHH5,1707,1711,1,38,0
SHH5,1711,1714,0,39,0
SHH5,1714,1748,1,40,0
SHH5,1748,1751,0,41,0
SHH5,1751,1754,1,42,0
SHH5,1754,1763,0,43,0
SHH5,1763,1774,1,44,0
SHH5,1774,1786.5,0,45,0
SHH5,1786.5,1803.5,1,46,0
SHH5,1803.5,1811.5,0,47,0
SHH5,1811.5,1817.1,1,48,-631.663
SHH6,1185.437,1219,0,1,0
SHH6,1219,1220,1,2,0
SHH6,1220,1222,0,3,0
SHH6,1222,1223.5,1,4,0
SHH6,1223.5,1260,0,5,0
SHH6,1260,1269.5,1,6,0
SHH6,1269.5,1275.5,0,7,0
SHH6,1275.5,1286,1,8,0
SHH6,1286,1293,0,9,0
SHH6,1293,1296,1,10,0
SHH6,1296,1314,0,11,0
SHH6,1314,1315.5,1,12,0
SHH6,1315.5,1334,0,13,-0.4
SHH6,1333.6,1343.5,1,14,0
SHH6,1343.5,1354,0,15,0
SHH6,1354,1357,1,16,0
SHH6,1357,1377,0,17,0
SHH6,1377,1379,1,18,0
SHH6,1379,1394,0,19,0
SHH6,1394,1395,1,20,0
SHH6,1395,1408,0,21,0
SHH6,1408,1409,1,22,0
SHH6,1409,1425,0,23,0
SHH6,1425,1426.5,1,24,0
SHH6,1426.5,1440,0,25,0
SHH6,1440,1448.5,1,26,0
SHH6,1448.5,1459,0,27,0
SHH6,1459,1461,1,28,0
SHH6,1461,1473,0,29,0
SHH6,1473,1476,1,30,0
SHH6,1476,1478.5,0,31,0
SHH6,1478.5,1479.5,1,32,0
SHH6,1479.5,1480.5,0,33,0
SHH6,1480.5,1482.5,1,34,0
SHH6,1482.5,1486,0,35,0
SHH6,1486,1489,1,36,0
SHH6,1489,1492,0,37,0
SHH6,1492,1499,1,38,0
SHH6,1499,1513,0,39,0
SHH6,1513,1517,1,40,0
SHH6,1517,1529.5,0,41,0
SHH6,1529.5,1534,1,42,0
SHH6,1534,1538,0,43,0
SHH6,1538,1550,1,44,0
SHH6,1550,1555,0,45,0
SHH6,1555,1568,1,46,0
SHH6,1568,1569.5,0,47,0
SHH6,1569.5,1577,1,48,0
SHH6,1577,1578.5,0,49,0
SHH6,1578.5,1627.5,1,50,0
SHH6,1627.5,1631.5,0,51,0
SHH6,1631.5,1635,1,52,0
SHH6,1635,1636,0,53,0
SHH6,1636,1642.539,1,54,-331.649
SHH7,1310.89,1329,0,1,-0.1
SHH7,1328.9,1332.5,1,2,0
SHH7,1332.5,1334.5,0,3,0
SHH7,1334.5,1345.5,1,4,0
SHH7,1345.5,1438.5,0,5,-0.1
SHH7,1438.4,1443,1,6,0
SHH7,1443,1456,0,7,0
SHH7,1456,1459,1,8,0
SHH7,1459,1462.5,0,9,0
SHH7,1462.5,1464,1,10,0
SHH7,1464,1469,0,11,0
SHH7,1469,1471.5,1,12,0
SHH7,1471.5,1513.5,0,13,0
SHH7,1513.5,1521,1,14,0
SHH7,1521,1537,0,15,0
SHH7,1537,1539.5,1,16,0
SHH7,1539.5,1542,0,17,0
SHH7,1542,1548.5,1,18,0
SHH7,1548.5,1551.5,0,19,0
SHH7,1551.5,1552.5,1,20,0
SHH7,1552.5,1558.5,0,21,0
SHH7,1558.5,1566.5,1,22,0
SHH7,1566.5,1593,0,23,0
SHH7,1593,1596,1,24,0
SHH7,1596,1617,0,25,-0.1
SHH7,1616.9,1663.5,1,26,0
SHH7,1663.5,1664.5,0,27,0
SHH7,1664.5,1686.5,1,28,0
SHH7,1686.5,1687.5,0,29,0
SHH7,1687.5,1699.5,1,30,0
SHH7,1699.5,1700.5,0,31,0
SHH7,1700.5,1720,1,32,0
SHH7,1720,1721,0,33,0
SHH7,1721,1732.5,1,34,0
SHH7,1732.5,1734.5,0,35,0
SHH7,1734.5,1738.5,1,36,0
SHH7,1738.5,1740,0,37,0
SHH7,1740,1742,1,38,0
SHH7,1742,1751.5,0,39,0
SHH7,1751.5,1759.5,1,40,0
SHH7,1759.5,1771.5,0,41,0
SHH7,1771.5,1781.5,1,42,0
SHH7,1781.5,1789,0,43,0
SHH7,1789,1791.5,1,44,0
SHH7,1791.5,1796.5,0,45,0
SHH7,1796.5,1799.5,1,46,0
SHH7,1799.5,1800.656,0,47,-402.471
SHH8,1398.185,1409,0,1,0
SHH8,1409,1412.5,1,2,0
SHH8,1412.5,1434,0,3,0
SHH8,1434,1446.5,1,4,0
SHH8,1446.5,1460,0,5,0
SHH8,1460,1462.5,1,6,0
SHH8,1462.5,1485,0,7,0
SHH8,1485,1487.5,1,8,0
SHH8,1487.5,1570,0,9,0
SHH8,1570,1573,1,10,0
SHH8,1573,1578.5,0,11,0
SHH8,1578.5,1581,1,12,0
SHH8,1581,1592,0,13,0
SHH8,1592,1596,1,14,0
SHH8,1596,1600.5,0,15,0
SHH8,1600.5,1602.5,1,16,0
SHH8,1602.5,1610,0,17,0
SHH8,1610,1618.5,1,18,0
SHH8,1618.5,1625.5,0,19,0
SHH8,1625.5,1629,1,20,0
SHH8,1629,1653.5,0,21,0
SHH8,1653.5,1659,1,22,0
SHH8,1659,1661.5,0,23,0
SHH8,1661.5,1671.5,1,24,0
SHH8,1671.5,1673.5,0,25,0
SHH8,1673.5,1676.5,1,26,0
SHH8,1676.5,1678.5,0,27,0
SHH8,1678.5,1681,1,28,0
SHH8,1681,1685,0,29,0
SHH8,1685,1688,1,30,0
SHH8,1688,1693,0,31,0
SHH8,1693,1696,1,32,0
SHH8,1696,1700,0,33,0
SHH8,1700,1707.5,1,34,0
SHH8,1707.5,1714.5,0,35,0
SHH8,1714.5,1718,1,36,0
SHH8,1718,1720.5,0,37,0
SHH8,1720.5,1724.5,1,38,0
SHH8,1724.5,1733,0,39,0
SHH8,1733,1735,1,40,0
SHH8,1735,1748,0,41,0
SHH8,1748,1749.5,1,42,0
SHH8,1749.5,1752,0,43,0
SHH8,1752,1761.5,1,44,0
SHH8,1761.5,1768.5,0,45,0
SHH8,1768.5,1772.5,1,46,0
SHH8,1772.5,1786,0,47,0
SHH8,1786,1798,1,48,0
SHH8,1798,1800,0,49,0
SHH8,1800,1803,1,50,0
SHH8,1803,1809.5,0,51,0
SHH8,1809.5,1814,1,52,0
SHH8,1814,1820,0,53,0
SHH8,1820,1823.5,1,54,0
SHH8,1823.5,1825,0,55,0
SHH8,1825,1835.5,1,56,0
SHH8,1835.5,1840,0,57,0
SHH8,1840,1849.5,1,58,0
SHH8,1849.5,1864.5,0,59,0
SHH8,1864.5,1875,1,60,0
SHH8,1875,1877,0,61,0
SHH8,1877,1881,1,62,0
SHH8,1881,1883,0,63,0
SHH8,1883,1901,1,64,0
SHH8,1901,1903.5,0,65,0
SHH8,1903.5,1905,1,66,0
SHH8,1905,1907,0,67,0
SHH8,1907,1909.5,1,68,0
SHH8,1909.5,1914,0,69,0
SHH8,1914,1917,1,70,0
SHH8,1917,1918,0,71,0
SHH8,1918,1922,1,72,0
SHH8,1922,1928,0,73,0
SHH8,1928,1930,1,74,0
SHH8,1930,1930.915,0,75,-579.772
SHH801,1351.143,1381.5,0,1,0
SHH801,1381.5,1386,1,2,0
SHH801,1386,1392,0,3,0
SHH801,1392,1396,1,4,0
SHH801,1396,1408.5,0,5,0
SHH801,1408.5,1414,1,6,0
SHH801,1414,1440,0,7,0
SHH801,1440,1441.5,1,8,0
SHH801,1441.5,1463.5,0,9,0
SHH801,1463.5,1465,1,10,0
SHH801,1465,1495,0,11,0
SHH801,1495,1496.5,1,12,0
SHH801,1496.5,1537,0,13,0
SHH801,1537,1539,1,14,0
SHH801,1539,1550.5,0,15,0
SHH801,1550.5,1564,1,16,0
SHH801,1564,1572,0,17,0
SHH801,1572,1575.5,1,18,0
SHH801,1575.5,1579,0,19,0
SHH801,1579,1586.5,1,20,0
SHH801,1586.5,1588,0,21,0
SHH801,1588,1597.5,1,22,0
SHH801,1597.5,1637.5,0,23,0
SHH801,1637.5,1639,1,24,0
SHH801,1639,1650,0,25,0
SHH801,1650,1656,1,26,0
SHH801,1656,1680,0,27,0
SHH801,1680,1681,1,28,0
SHH801,1681,1689.5,0,29,0
SHH801,1689.5,1692,1,30,0
SHH801,1692,1730,0,31,0
SHH801,1730,1735.5,1,32,0
SHH801,1735.5,1741,0,33,0
SHH801,1741,1773,1,34,0
SHH801,1773,1776,0,35,0
SHH801,1776,1812,1,36,0
SHH801,1812,1818.5,0,37,0
SHH801,1818.5,1820,1,38,0
SHH801,1820,1827,0,39,0
SHH801,1827,1852.152,1,40,-611.409
SHHG1,1240.743,1244.5,0,1,0
SHHG1,1244.5,1245.5,1,2,0
SHHG1,1245.5,1256.5,0,3,0
SHHG1,1256.5,1258,1,4,0
SHHG1,1258,1262.5,0,5,0
SHHG1,1262.5,1267,1,6,0
SHHG1,1267,1272.5,0,7,0
SHHG1,1272.5,1276,1,8,0
SHHG1,1276,1294.5,0,9,0
SHHG1,1294.5,1296,1,10,0
SHHG1,1296,1338.5,0,11,0
SHHG1,1338.5,1345.5,1,12,0
SHHG1,1345.5,1348.5,0,13,0
SHHG1,1348.5,1351,1,14,0
SHHG1,1351,1389.5,0,15,0
SHHG1,1389.5,1393.5,1,16,0
SHHG1,1393.5,1407,0,17,0
SHHG1,1407,1408,1,18,0
SHHG1,1408,1422.5,0,19,0
SHHG1,1422.5,1441,1,20,0
SHHG1,1441,1447,0,21,0
SHHG1,1447,1448,1,22,0
SHHG1,1448,1464,0,23,0
SHHG1,1464,1473.5,1,24,0
SHHG1,1473.5,1477,0,25,0
SHHG1,1477,1479.5,1,26,0
SHHG1,1479.5,1481,0,27,0
SHHG1,1481,1484.5,1,28,0
SHHG1,1484.5,1492.5,0,29,0
SHHG1,1492.5,1494,1,30,0
SHHG1,1494,1499.5,0,31,0
SHHG1,1499.5,1500.5,1,32,0
SHHG1,1500.5,1502.5,0,33,0
SHHG1,1502.5,1507,1,34,0
SHHG1,1507,1512,0,35,0
SHHG1,1512,1513,1,36,0
SHHG1,1513,1518.5,0,37,0
SHHG1,1518.5,1530,1,38,0
SHHG1,1530,1531,0,39,0
SHHG1,1531,1532,1,40,0
SHHG1,1532,1533.5,0,41,0
SHHG1,1533.5,1539,1,42,0
SHHG1,1539,1547,0,43,0
SHHG1,1547,1548,1,44,0
SHHG1,1548,1550,0,45,0
SHHG1,1550,1552.5,1,46,0
SHHG1,1552.5,1556,0,47,0
SHHG1,1556,1557.5,1,48,0
SHHG1,1557.5,1562.5,0,49,0
SHHG1,1562.5,1586,1,50,0
SHHG1,1586,1588.5,0,51,0
SHHG1,1588.5,1598,1,52,0
SHHG1,1598,1609.5,0,53,0
SHHG1,1609.5,1621.5,1,54,0
SHHG1,1621.5,1627,0,55,0
SHHG1,1627,1629.5,1,56,0
SHHG1,1629.5,1642.5,0,57,0
SHHG1,1642.5,1653,1,58,0
SHHG1,1653,1660,0,59,0
SHHG1,1660,1725,1,60,0
SHHG1,1725,1732,0,61,0
SHHG1,1732,1738.5,1,62,0
SHHG1,1738.5,1741,0,63,0
SHHG1,1741,1747.844,1,64,-490.863
SHHG2,1256.981,1277,0,1,0
SHHG2,1277,1293,1,2,0
SHHG2,1293,1306,0,3,0
SHHG2,1306,1308.5,1,4,0
SHHG2,1308.5,1322,0,5,0
SHHG2,1322,1325,1,6,0
SHHG2,1325,1365.5,0,7,0
SHHG2,1365.5,1366.5,1,8,0
SHHG2,1366.5,1375,0,9,0
SHHG2,1375,1376,1,10,0
SHHG2,1376,1398,0,11,0
SHHG2,1398,1405,1,12,0
SHHG2,1405,1412,0,13,0
SHHG2,1412,1413,1,14,0
SHHG2,1413,1420,0,15,0
SHHG2,1420,1420.5,1,16,0
SHHG2,1420.5,1422,0,17,0
SHHG2,1422,1427,1,18,0
SHHG2,1427,1449.5,0,19,0
SHHG2,1449.5,1451.5,1,20,0
SHHG2,1451.5,1469,0,21,0
SHHG2,1469,1471,1,22,0
SHHG2,1471,1476,0,23,0
SHHG2,1476,1477.5,1,24,0
SHHG2,1477.5,1481.5,0,25,0
SHHG2,1481.5,1494.5,1,26,0
SHHG2,1494.5,1497,0,27,0
SHHG2,1497,1509,1,28,0
SHHG2,1509,1516,0,29,0
SHHG2,1516,1525,1,30,0
SHHG2,1525,1535,0,31,0
SHHG2,1535,1538,1,32,0
SHHG2,1538,1543,0,33,0
SHHG2,1543,1548.5,1,34,0
SHHG2,1548.5,1558,0,35,0
SHHG2,1558,1574,1,36,0
SHHG2,1574,1583.5,0,37,0
SHHG2,1583.5,1628,1,38,0
SHHG2,1628,1629.5,0,39,0
SHHG2,1629.5,1633,1,40,0
SHHG2,1633,1634,0,41,0
SHHG2,1634,1646.5,1,42,0
SHHG2,1646.5,1648.5,0,43,0
SHHG2,1648.5,1652.5,1,44,0
SHHG2,1652.5,1655.5,0,45,0
SHHG2,1655.5,1658,1,46,0
SHHG2,1658,1659,0,47,0
SHHG2,1659,1673,1,48,0
SHHG2,1673,1674,0,49,0
SHHG2,1674,1682,1,50,0
SHHG2,1682,1685,0,51,0
SHHG2,1685,1688,1,52,0
SHHG2,1688,1697.5,0,53,0
SHHG2,1697.5,1704,1,54,0
SHHG2,1704,1706,0,55,0
SHHG2,1706,1713,1,56,0
SHHG2,1713,1718,0,57,0
SHHG2,1718,1729.109,1,58,-452.575
SHHG3,1276.534,1277,1,1,0
SHHG3,1277,1375.5,0,2,0
SHHG3,1375.5,1377,1,3,0
SHHG3,1377,1383.5,0,4,0
SHHG3,1383.5,1387,1,5,0
SHHG3,1387,1391,0,6,0
SHHG3,1391,1395,1,7,0
SHHG3,1395,1446.5,0,8,0
SHHG3,1446.5,1455,1,9,0
SHHG3,1455,1475.5,0,10,0
SHHG3,1475.5,1478,1,11,0
SHHG3,1478,1480,0,12,0
SHHG3,1480,1481.5,1,13,0
SHHG3,1481.5,1491,0,14,0
SHHG3,1491,1492.5,1,15,0
SHHG3,1492.5,1494,0,16,0
SHHG3,1494,1505,1,17,0
SHHG3,1505,1527.5,0,18,0
SHHG3,1527.5,1532,1,19,0
SHHG3,1532,1536,0,20,0
SHHG3,1536,1538.5,1,21,0
SHHG3,1538.5,1559.5,0,22,0
SHHG3,1559.5,1564.5,1,23,0
SHHG3,1564.5,1572,0,24,0
SHHG3,1572,1574,1,25,0
SHHG3,1574,1588.5,0,26,0
SHHG3,1588.5,1591,1,27,0
SHHG3,1591,1594.5,0,28,0
SHHG3,1594.5,1598.5,1,29,0
SHHG3,1598.5,1607,0,30,0
SHHG3,1607,1615.5,1,31,0
SHHG3,1615.5,1635,0,32,0
SHHG3,1635,1663.5,1,33,0
SHHG3,1663.5,1664.5,0,34,0
SHHG3,1664.5,1705,1,35,0
SHHG3,1705,1709.5,0,36,0
SHHG3,1709.5,1748.5,1,37,0
SHHG3,1748.5,1753,0,38,0
SHHG3,1753,1757.5,1,39,0
SHHG3,1757.5,1761,0,40,0
SHHG3,1761,1764.053,1,41,-1764.053
