well_no,bottom_depth,top_depth,is_reservoir,reservoir_no
CB111,1107.0,1108.0,1,1
CB111,1108.0,1109.0,0,2
CB111,1109.0,1117.5,1,3
CB111,1117.5,1152.0,0,4
CB111,1152.0,1154.5,1,5
CB111,1154.5,1160.7,0,6
CB111,1160.7,1168.3,1,7
CB111,1168.3,1193.5,0,8
CB111,1193.5,1195.0,1,9
CB111,1195.0,1210.8,0,10
CB111,1210.8,1213.0,1,11
CB111,1213.0,1231.4,0,12
CB111,1231.4,1235.3,1,13
CB111,1235.3,1253.1,0,14
CB111,1253.1,1254.1,1,15
CB111,1254.1,1260.2,0,16
CB111,1260.2,1269.6,1,17
CB111,1269.6,1283.0,0,18
CB111,1283.0,1284.0,1,19
CB111,1284.0,1300.0,0,20
CB111,1300.0,1300.8,1,21
CB111,1300.8,1308.0,0,22
CB111,1308.0,1309.2,1,23
CB111,1309.2,1316.8,0,24
CB111,1316.8,1318.3,1,25
CB111,1318.3,1324.4,0,26
CB111,1324.4,1327.2,1,27
CB111,1327.2,1347.0,0,28
CB111,1347.0,1350.5,1,29
CB111,1350.5,1353.8,0,30
CB111,1353.8,1358.8,1,31
CB111,1358.8,1375.0,0,32
CB111,1375.0,1377.5,1,33
CB111,1377.5,1391.3,0,34
CB111,1391.3,1395.0,1,35
CB111,1395.0,1403.7,0,36
CB111,1403.7,1404.6,1,37
CB111,1404.6,1405.7,0,38
CB111,1405.7,1407.8,1,39
CB111,1407.8,1433.9,0,40
CB111,1433.9,1436.9,1,41
CB111,1436.9,1438.5,0,42
CB111,1438.5,1441.6,1,43
CB111,1441.6,1452.3,0,44
CB111,1452.3,1453.7,1,45
CB111,1453.7,1463.2,0,46
CB111,1463.2,1464.8,1,47
CB111,1464.8,1467.0,0,48
CB19,1149.0,1154.0,1,1
CB19,1154.0,1155.0,0,2
CB19,1155.0,1157.0,1,3
CB19,1157.0,1166.5,0,4
CB19,1166.5,1169.5,1,5
CB19,1169.5,1172.0,0,6
CB19,1172.0,1174.0,1,7
CB19,1174.0,1175.5,0,8
CB19,1175.5,1187.5,1,9
CB19,1187.5,1201.5,0,10
CB19,1201.5,1204.5,1,11
CB19,1204.5,1205.0,0,12
CB19,1205.0,1217.5,1,13
CB19,1217.5,1222.0,0,14
CB19,1222.0,1226.0,1,15
CB19,1226.0,1228.5,0,16
CB19,1228.5,1229.5,1,17
CB19,1229.5,1231.5,0,18
CB19,1231.5,1234.0,1,19
CB19,1234.0,1236.0,0,20
CB19,1236.0,1251.1,1,21
CB19,1251.1,1254.0,0,22
CB19,1254.0,1261.5,1,23
CB19,1261.5,1264.0,0,24
CB19,1264.0,1266.0,1,25
CB19,1266.0,1272.0,0,26
CB19,1272.0,1275.0,1,27
CB19,1275.0,1281.0,0,28
CB19,1281.0,1282.5,1,29
CB19,1282.5,1285.5,0,30
CB19,1285.5,1288.0,1,31
CB19,1288.0,1300.5,0,32
CB19,1300.5,1308.0,1,33
CB19,1308.0,1311.0,0,34
CB19,1311.0,1316.0,1,35
CB19,1316.0,1322.0,0,36
CB19,1322.0,1324.5,1,37
CB19,1324.5,1355.0,0,38
CB19,1355.0,1358.0,1,39
CB19,1358.0,1362.0,0,40
CB19,1362.0,1364.0,1,41
CB19,1364.0,1365.5,0,42
CB19,1365.5,1368.0,1,43
CB19,1368.0,1375.5,0,44
CB19,1375.5,1379.5,1,45
CB19,1379.5,1383.5,0,46
CB19,1383.5,1388.0,1,47
CB19,1388.0,1391.5,0,48
CB19,1391.5,1394.0,1,49
CB19,1394.0,1397.5,0,50
CB19,1397.5,1403.5,1,51
CB19,1403.5,1409.0,0,52
CB19,1409.0,1414.5,1,53
CB19,1414.5,1419.0,0,54
CB19,1419.0,1421.0,1,55
CB19,1421.0,1424.0,0,56
CB19,1424.0,1427.0,1,57
CB19,1427.0,1437.0,0,58
CB19,1437.0,1438.0,1,59
CB19,1438.0,1439.5,0,60
CB19,1439.5,1443.5,1,61
CB19,1443.5,1447.0,0,62
CB19,1447.0,1449.0,1,63
CB19,1449.0,1455.5,0,64
CB19,1455.5,1456.5,1,65
CB19,1456.5,1463.0,0,66
CB19,1463.0,1465.0,1,67
CB19,1465.0,1468.0,0,68
CB19,1468.0,1470.0,1,69
CB19,1470.0,1473.5,0,70
CB19,1473.5,1475.5,1,71
CB19,1475.5,1480.0,0,72
CB19,1480.0,1481.5,1,73
CB19,1481.5,1486.0,0,74
CB19,1486.0,1489.0,1,75
CB19,1489.0,1490.0,0,76
CB19,1490.0,1493.0,1,77
CB19,1493.0,1496.5,0,78
CB19,1496.5,1497.5,1,79
CB19,1497.5,1503.0,0,80
CB19,1503.0,1506.0,1,81
CB19,1506.0,1507.5,0,82
CB19,1507.5,1509.5,1,83
CB19,1509.5,1511.5,0,84
CB19,1511.5,1519.0,1,85
CB19,1519.0,1529.0,0,86
CB19,1529.0,1534.0,1,87
CB19,1534.0,1535.0,0,88
CB19,1535.0,1536.5,1,89
CB19,1536.5,1538.0,0,90
CB19,1538.0,1540.5,1,91
CB19,1540.5,1544.0,0,92
CB19,1544.0,1549.5,1,93
CB19,1549.5,1550.0,0,94
CB203,1052.0,1062.0,0,1
CB203,1062.0,1063.5,1,2
CB203,1063.5,1064.5,0,3
CB203,1064.5,1067.0,1,4
CB203,1067.0,1081.0,0,5
CB203,1081.0,1086.0,1,6
CB203,1086.0,1087.0,0,7
CB203,1087.0,1091.0,1,8
CB203,1091.0,1094.5,0,9
CB203,1094.5,1099.5,1,10
CB203,1099.5,1135.0,0,11
CB203,1135.0,1142.0,1,12
CB203,1142.0,1145.5,0,13
CB203,1145.5,1146.5,1,14
CB203,1146.5,1156.5,0,15
CB203,1156.5,1158.0,1,16
CB203,1158.0,1172.0,0,17
CB203,1172.0,1173.5,1,18
CB203,1173.5,1183.0,0,19
CB203,1183.0,1186.0,1,20
CB203,1186.0,1189.0,0,21
CB203,1189.0,1191.0,1,22
CB203,1191.0,1210.0,0,23
CB203,1210.0,1212.0,1,24
CB203,1212.0,1219.0,0,25
CB203,1219.0,1221.0,1,26
CB203,1221.0,1234.5,0,27
CB203,1234.5,1237.5,1,28
CB203,1237.5,1240.0,0,29
CB203,1240.0,1242.5,1,30
CB203,1242.5,1265.5,0,31
CB203,1265.5,1266.5,1,32
CB203,1266.5,1267.5,0,33
CB203,1267.5,1268.5,1,34
CB203,1268.5,1292.0,0,35
CB205,1094.0,1095.5,1,1
CB205,1095.5,1114.0,0,2
CB205,1114.0,1130.5,1,3
CB205,1130.5,1140.0,0,4
CB205,1140.0,1146.0,1,5
CB205,1146.0,1198.0,0,6
CB205,1198.0,1206.5,1,7
CB205,1206.5,1210.5,0,8
CB205,1210.5,1219.7,1,9
CB205,1219.7,1274.5,0,10
CB205,1274.5,1302.0,1,11
CB206,1156.0,1165.5,1,1
CB206,1165.5,1168.5,0,2
CB206,1168.5,1172.0,1,3
CB206,1172.0,1232.0,0,4
CB206,1232.0,1234.8,1,5
CB206,1234.8,1252.5,0,6
CB206,1252.5,1262.6,1,7
CB206,1262.6,1281.0,0,8
CB206,1281.0,1283.4,1,9
CB206,1283.4,1305.8,0,10
CB206,1305.8,1307.0,1,11
CB206,1307.0,1374.0,0,12
CB206,1374.0,1375.6,1,13
CB206,1375.6,1384.3,0,14
CB206,1384.3,1386.8,1,15
CB206,1386.8,1394.0,0,16
CB208,1045.0,1049.2,1,1
CB208,1049.2,1050.5,0,2
CB208,1050.5,1053.0,1,3
CB208,1053.0,1054.0,0,4
CB208,1054.0,1055.0,1,5
CB208,1055.0,1079.0,0,6
CB208,1079.0,1080.0,1,7
CB208,1080.0,1084.5,0,8
CB208,1084.5,1086.0,1,9
CB208,1086.0,1089.0,0,10
CB208,1089.0,1093.0,1,11
CB208,1093.0,1113.0,0,12
CB208,1113.0,1116.0,1,13
CB208,1116.0,1149.3,0,14
CB208,1149.3,1152.8,1,15
CB208,1152.8,1153.8,0,16
CB208,1153.8,1162.9,1,17
CB208,1162.9,1186.1,0,18
CB208,1186.1,1190.3,1,19
CB208,1190.3,1209.66,0,20
CB208,1209.66,1211.8,1,21
CB208,1211.8,1216.38,0,22
CB208,1216.38,1220.5,1,23
CB208,1220.5,1236.8,0,24
CB208,1236.8,1243.6,1,25
CB208,1239.0,1242.0,0,26
CB208,1243.6,1266.5,0,27
CB208,1266.5,1269.2,1,28
CB208,1269.2,1272.6,0,29
CB208,1272.6,1277.0,1,30
CB208,1277.0,1283.0,0,31
CB208,1283.0,1285.0,1,32
CB208,1285.0,1289.0,0,33
CB208,1289.0,1291.2,1,34
CB208,1291.2,1298.8,0,35
CB208,1298.8,1302.9,1,36
CB208,1302.9,1323.1,0,37
CB208,1323.1,1325.6,1,38
CB208,1325.6,1329.0,0,39
CB208,1329.0,1332.1,1,40
CB208,1332.1,1336.0,0,41
CB208,1336.0,1349.3,1,42
CB208,1349.3,1364.5,0,43
CB208,1364.5,1373.7,1,44
CB208,1365.5,1373.5,0,45
CB208,1373.7,1388.5,0,46
CB208,1388.5,1390.3,1,47
CB208,1390.3,1400.3,0,48
CB208,1400.3,1407.0,1,49
CB208,1400.3,1404.0,0,50
CB208,1407.0,1414.1,0,51
CB208,1414.1,1417.4,1,52
CB208,1417.4,1419.0,0,53
CB209,1050.0,1062.0,0,1,1
CB209,1062.0,1063.5,1,2
CB209,1063.5,1073.0,0,3
CB209,1073.0,1074.0,1,4
CB209,1074.0,1088.5,0,5
CB209,1088.5,1095.5,1,6
CB209,1095.5,1105.2,0,7
CB209,1105.2,1109.2,1,8
CB209,1109.2,1113.8,0,9
CB209,1113.8,1124.7,1,10
CB209,1124.7,1171.0,0,11
CB209,1171.0,1172.5,1,12
CB209,1172.5,1177.0,0,13
CB209,1177.0,1184.7,1,14
CB209,1184.7,1192.5,0,15
CB209,1192.5,1196.0,1,16
CB209,1196.0,1200.5,0,17
CB209,1200.5,1202.5,1,18
CB209,1202.5,1205.0,0,19
CB209,1205.0,1206.5,1,20
CB209,1206.5,1213.3,0,21
CB209,1213.3,1221.0,1,22
CB209,1221.0,1232.0,0,23
CB209,1232.0,1236.4,1,24
CB209,1236.4,1257.2,0,25
CB209,1257.2,1262.8,1,26
CB209,1262.8,1276.2,0,27
CB209,1276.2,1285.5,1,28
CB209,1285.5,1289.2,0,29
CB209,1289.2,1292.3,1,30
CB209,1292.3,1303.5,0,31
CB209,1303.5,1305.0,1,32
CB209,1305.0,1318.0,0,33
CB209,1318.0,1319.5,1,34
CB209,1319.5,1333.2,0,35
CB209,1333.2,1334.5,1,36
CB209,1334.5,1336.0,0,37
CB209,1336.0,1338.6,1,38
CB209,1338.6,1346.2,0,39
CB209,1346.2,1348.6,1,40
CB209,1348.6,1353.0,0,41
CB209,1353.0,1360.6,1,42
CB209,1360.6,1370.0,0,43
CB209,1370.0,1373.5,1,44
CB209,1373.5,1393.4,0,45
CB209,1393.4,1397.0,1,46
CB211,1109.0,1144.5,0,1
CB211,1144.5,1151.0,1,2
CB211,1151.0,1176.0,0,3
CB211,1176.0,1177.0,1,4
CB211,1177.0,1196.5,0,5
CB211,1196.5,1206.0,1,6
CB211,1206.0,1250.0,0,7
CB211,1250.0,1255.8,1,8
CB211,1255.8,1314.5,0,9
CB211,1314.5,1317.5,1,10
CB211,1317.5,1326.0,0,11
CB211,1326.0,1331.1,1,12
CB211,1331.1,1353.0,0,13
CB22,1116.0,1126.0,0,1
CB22,1126.0,1128.0,1,2
CB22,1128.0,1143.5,0,3
CB22,1143.5,1146.0,1,4
CB22,1146.0,1147.0,0,5
CB22,1147.0,1151.0,1,6
CB22,1151.0,1155.0,0,7
CB22,1155.0,1158.0,1,8
CB22,1158.0,1165.0,0,9
CB22,1165.0,1168.0,1,10
CB22,1168.0,1179.0,0,11
CB22,1179.0,1183.5,1,12
CB22,1183.5,1195.0,0,13
CB22,1195.0,1197.0,1,14
CB22,1197.0,1200.0,0,15
CB22,1200.0,1201.0,1,16
CB22,1201.0,1208.0,0,17
CB22,1208.0,1211.0,1,18
CB22,1211.0,1215.0,0,19
CB22,1215.0,1217.0,1,20
CB22,1217.0,1245.0,0,21
CB22,1245.0,1258.6,1,22
CB22,1258.5,1277.0,0,23
CB22,1277.0,1279.5,1,24
CB22,1279.5,1290.5,0,25
CB22,1290.5,1292.0,1,26
CB22,1292.0,1301.5,0,27
CB22,1301.5,1308.0,1,28
CB22,1308.0,1322.0,0,29
CB22,1322.0,1326.0,1,30
CB22,1326.0,1337.0,0,31
CB22,1337.0,1338.0,1,32
CB22,1338.0,1339.0,0,33
CB22,1339.0,1341.0,1,34
CB22,1341.0,1346.5,0,35
CB22,1346.5,1353.0,1,36
CB22,1353.0,1355.0,0,37
CB22,1355.0,1356.0,1,38
CB22,1356.0,1358.0,0,39
CB22,1358.0,1360.5,1,40
CB22,1360.5,1367.0,0,41
CB22,1367.0,1372.0,1,42
CB22,1372.0,1373.0,0,43
CB22,1373.0,1374.0,1,44
CB22,1374.0,1376.5,0,45
CB22,1376.5,1378.0,1,46
CB22,1378.0,1379.0,0,47
CB22,1378.9,1385.5,1,48
CB22,1385.5,1391.0,0,49
CB22,1391.0,1400.0,1,50
CB22,1400.0,1403.0,0,51
CB22,1403.0,1406.0,1,52
CB22,1406.0,1413.5,0,53
CB22,1413.5,1419.0,1,54
CB22,1419.0,1428.0,0,55
CB22,1428.0,1432.0,1,56
CB22,1432.0,1437.0,0,57
CB22,1437.0,1439.0,1,58
CB22,1439.0,1443.0,0,59
CB22,1443.0,1460.0,1,60
CB22,1460.0,1464.0,0,61
CB22,1464.0,1467.0,1,62
CB23,1143.0,1163.0,0,1
CB23,1163.0,1165.5,1,2
CB23,1165.5,1194.0,0,3
CB23,1194.0,1196.5,1,4
CB23,1196.5,1237.0,0,5
CB23,1237.0,1252.0,1,6
CB23,1252.0,1270.0,0,7
CB23,1270.0,1276.0,1,8
CB23,1276.0,1283.5,0,9
CB23,1283.5,1286.5,1,10
CB23,1286.5,1300.0,0,11
CB23,1300.0,1304.0,1,12
CB23,1304.0,1319.0,0,13
CB23,1319.0,1327.0,1,14
CB23,1327.0,1340.5,0,15
CB23,1340.5,1341.5,1,16
CB23,1341.5,1351.0,0,17
CB23,1351.0,1356.0,1,18
CB23,1356.0,1376.5,0,19
CB23,1376.5,1378.0,1,20
CB23,1378.0,1405.5,0,21
CB23,1405.5,1406.5,1,22
CB23,1406.5,1417.0,0,23
CB23,1417.0,1418.0,1,24
CB23,1418.0,1426.0,0,25
CB23,1426.0,1426.5,1,26
CB23,1426.5,1436.0,0,27
CB23,1436.0,1438.5,1,28
CB23,1438.5,1445.0,0,29
CB23,1445.0,1445.5,1,30
CB23,1445.5,1447.0,0,31
CB23,1447.0,1450.5,1,32
CB23,1450.5,1457.5,0,33
CB23,1457.5,1458.5,1,34
CB23,1458.5,1461.5,0,35
CB23,1461.5,1463.5,1,36
CB23,1463.5,1470.5,0,37
CB23,1470.5,1473.6,1,38
CB23,1480.5,1491.0,0,39
CB24,1155.0,1192.0,0,1
CB24,1192.0,1195.0,1,2
CB24,1195.0,1205.5,0,3
CB24,1205.5,1206.5,1,4
CB24,1206.5,1207.5,0,5
CB24,1207.5,1209.0,1,6
CB24,1209.0,1215.5,0,7
CB24,1215.5,1219.0,1,8
CB24,1219.0,1232.0,0,9
CB24,1232.0,1233.0,1,10
CB24,1233.0,1240.0,0,11
CB24,1240.0,1241.0,1,12
CB24,1241.0,1251.0,0,13
CB24,1251.0,1252.5,1,14
CB24,1252.5,1262.0,0,15
CB24,1262.0,1273.0,1,16
CB24,1273.0,1279.0,0,17
CB24,1279.0,1280.0,1,18
CB24,1280.0,1281.0,0,19
CB24,1281.0,1283.0,1,20
CB24,1283.0,1297.0,0,21
CB24,1297.0,1309.5,1,22
CB24,1309.5,1313.0,0,23
CB24,1313.0,1324.0,1,24
CB24,1324.0,1327.5,0,25
CB24,1327.5,1328.5,1,26
CB24,1328.5,1349.0,0,27
CB24,1349.0,1350.0,1,28
CB24,1350.0,1356.5,0,29
CB24,1356.5,1358.0,1,30
CB24,1358.0,1363.0,0,31
CB24,1363.0,1364.0,1,32
CB24,1364.0,1367.5,0,33
CB24,1367.5,1368.5,1,34
CB24,1368.5,1380.0,0,35
CB24,1380.0,1382.0,1,36
CB24,1382.0,1385.5,0,37
CB24,1385.5,1386.5,1,38
CB24,1386.5,1387.5,0,39
CB24,1387.5,1390.5,1,40
CB24,1390.5,1442.0,0,41
CB24,1442.0,1443.0,1,42
CB24,1443.0,1449.0,0,43
CB24,1449.0,1452.5,1,44
CB24,1452.5,1461.5,0,45
CB24,1461.5,1466.5,1,46
CB24,1466.5,1472.0,0,47
CB24,1472.0,1473.5,1,48
CB24,1473.5,1480.0,0,49
CB24,1480.0,1481.0,1,50
CB24,1481.0,1487.5,0,51
CB24,1487.5,1499.0,1,52
CB24,1499.0,1502.0,0,53
CB24,1502.0,1503.5,1,54
CB24,1503.5,1504.0,0,55
CB24,1504.0,1505.5,1,56
CB24,1505.5,1524.5,0,57
CB24,1524.5,1532.5,1,58
CB24,1532.5,1538.5,0,59
CB24,1538.5,1540.0,1,60
CB241,1146.0,1170.0,0,1
CB241,1170.0,1182.2,1,2
CB241,1182.5,1186.0,0,3
CB241,1186.0,1187.5,1,4
CB241,1187.5,1210.0,0,5
CB241,1210.0,1223.0,1,6
CB241,1223.0,1237.5,0,7
CB241,1237.5,1238.5,1,8
CB241,1238.5,1244.0,0,9
CB241,1244.0,1257.5,1,10
CB241,1257.5,1268.0,0,11
CB241,1268.0,1269.0,1,12
CB241,1269.0,1293.0,0,13
CB241,1293.0,1302.0,1,14
CB241,1312.0,1322.0,0,15
CB241,1322.0,1325.0,1,16
CB241,1325.0,1327.0,0,17
CB241,1327.0,1334.0,1,18
CB241,1334.0,1355.5,0,19
CB241,1355.5,1358.0,1,20
CB241,1358.0,1368.0,0,21
CB241,1368.0,1371.0,1,22
CB241,1371.0,1391.5,0,23
CB241,1391.5,1394.0,1,24
CB241,1394.0,1420.0,0,25
CB241,1420.0,1422.0,1,26
CB241,1422.0,1427.0,0,27
CB241,1427.0,1428.0,1,28
CB241,1428.0,1430.5,0,29
CB241,1430.5,1431.5,1,30
CB241,1431.5,1438.5,0,31
CB241,1438.5,1441.0,1,32
CB241,1441.0,1442.0,0,33
CB241,1442.0,1443.0,1,34
CB241,1443.0,1447.0,0,35
CB242,1146.0,1195.0,0,1
CB242,1195.0,1199.0,1,2
CB242,1199.0,1212.5,0,3
CB242,1212.5,1213.5,1,4
CB242,1213.5,1216.0,0,5
CB242,1216.0,1218.0,1,6
CB242,1218.0,1222.0,0,7
CB242,1222.0,1226.5,1,8
CB242,1226.5,1258.0,0,9
CB242,1258.0,1265.5,1,10
CB242,1265.5,1278.5,0,11
CB242,1278.5,1282.0,1,12
CB242,1282.0,1298.0,0,13
CB242,1298.0,1315.0,1,14
CB242,1315.0,1350.0,0,15
CB242,1350.0,1351.5,1,16
CB242,1351.5,1353.5,0,17
CB242,1353.5,1356.0,1,18
CB242,1356.0,1378.5,0,19
CB242,1378.5,1381.5,1,20
CB242,1381.5,1397.5,0,21
CB242,1397.5,1399.5,1,22
CB242,1399.5,1405.0,0,23
CB242,1405.0,1406.0,1,24
CB242,1406.0,1435.0,0,25
CB242,1435.0,1442.0,1,26
CB242,1442.0,1447.0,0,27
CB242,1447.0,1451.0,1,28
CB242,1451.0,1455.0,0,29
CB242,1455.0,1458.0,1,30
CB242,1458.0,1464.5,0,31
CB242,1464.5,1467.5,1,32
CB242,1467.5,1501.5,0,33
CB242,1501.5,1505.5,1,34
CB242,1505.5,1521.5,0,35
CB242,1521.5,1523.0,1,36
CB243,1186.0,1226.5,0,1
CB243,1226.5,1228.5,1,2
CB243,1228.5,1231.5,0,3
CB243,1231.5,1232.0,1,4
CB243,1232.0,1232.5,0,5
CB243,1232.5,1234.5,1,6
CB243,1234.5,1237.5,0,7
CB243,1237.5,1245.3,1,8
CB243,1245.5,1247.0,1,9
CB243,1247.0,1250.0,0,10
CB243,1250.0,1252.0,1,11
CB243,1252.0,1275.0,0,12
CB243,1275.0,1282.1,1,13
CB243,1282.5,1287.0,0,14
CB243,1287.0,1288.0,1,15
CB243,1288.0,1310.0,0,16
CB243,1310.0,1312.0,1,17
CB243,1312.0,1313.0,0,18
CB243,1313.0,1321.5,1,19
CB243,1321.5,1326.0,0,20
CB243,1326.0,1333.0,1,21
CB243,1333.0,1357.0,0,22
CB243,1357.0,1360.0,1,23
CB243,1360.0,1371.0,0,24
CB243,1371.0,1373.0,1,25
CB243,1373.0,1401.5,0,26
CB243,1401.5,1402.5,1,27
CB243,1402.5,1407.0,0,28
CB243,1407.0,1408.5,1,29
CB243,1408.5,1409.5,0,30
CB243,1409.5,1410.5,1,31
CB243,1410.5,1466.5,0,32
CB243,1466.5,1472.0,1,33
CB243,1472.0,1481.0,0,34
CB243,1481.0,1486.5,1,35
CB243,1486.5,1492.5,0,36
CB243,1492.5,1494.5,1,37
CB243,1494.5,1517.5,0,38
CB243,1517.5,1530.0,1,39
CB243,1530.0,1547.5,0,40
CB243,1547.5,1557.0,1,41
CB243,1557.0,1558.5,0,42
CB243,1558.5,1560.5,1,43
CB243,1560.5,1562.0,0,44
CB244,1145.0,1148.5,1,1
CB244,1148.5,1182.5,0,2
CB244,1182.5,1185.0,1,3
CB244,1185.0,1192.0,0,4
CB244,1192.0,1193.0,1,5
CB244,1193.0,1199.0,0,6
CB244,1199.0,1202.0,1,7
CB244,1202.0,1216.0,0,8
CB244,1216.0,1221.0,1,9
CB244,1221.0,1223.5,0,10
CB244,1223.5,1225.0,1,11
CB244,1225.0,1227.0,0,12
CB244,1227.0,1230.0,1,13
CB244,1230.0,1259.0,0,14
CB244,1259.0,1267.0,1,15
CB244,1267.0,1279.5,0,16
CB244,1279.5,1283.5,1,17
CB244,1283.5,1300.5,0,18
CB244,1300.5,1316.0,1,19
CB244,1316.0,1329.0,0,20
CB244,1329.0,1332.5,1,21
CB244,1332.5,1336.0,0,22
CB244,1336.0,1339.0,1,23
CB244,1339.0,1380.0,0,24
CB244,1380.0,1384.0,1,25
CB244,1384.0,1442.5,0,26
CB244,1442.5,1445.5,1,27
CB244,1445.5,1457.0,0,28
CB244,1457.0,1462.0,1,29
CB244,1462.0,1493.0,0,30
CB245,1176.0,1187.5,0,1
CB245,1187.5,1188.5,1,2
CB245,1188.5,1216.0,0,3
CB245,1216.0,1218.0,1,4
CB245,1218.0,1238.0,0,5
CB245,1238.0,1239.5,1,6
CB245,1239.5,1264.5,0,7
CB245,1264.5,1266.0,1,8
CB245,1266.0,1269.5,0,9
CB245,1269.5,1270.5,1,10
CB245,1270.5,1291.0,0,11
CB245,1291.0,1298.0,1,12
CB245,1298.0,1298.5,0,13
CB245,1298.5,1299.0,1,14
CB245,1299.0,1300.0,0,15
CB245,1300.0,1301.0,1,16
CB245,1301.0,1322.0,0,17
CB245,1322.0,1325.0,1,18
CB245,1325.0,1328.0,0,19
CB245,1328.0,1335.5,1,20
CB245,1335.5,1346.0,0,21
CB245,1346.0,1353.0,1,22
CB245,1353.0,1390.0,0,23
CB245,1390.0,1392.0,1,24
CB245,1392.0,1397.5,0,25
CB245,1397.5,1399.0,1,26
CB245,1399.0,1421.0,0,27
CB245,1421.0,1424.0,1,28
CB245,1424.0,1455.0,0,29
CB245,1455.0,1458.5,1,30
CB245,1458.5,1481.5,0,31
CB245,1481.4,1486.0,1,32
CB246,1075.0,1090.0,0,1
CB246,1090.0,1091.5,1,2
CB246,1091.5,1101.0,0,3
CB246,1101.0,1102.5,1,4
CB246,1102.5,1106.5,0,5
CB246,1106.5,1108.0,1,6
CB246,1108.0,1110.5,0,7
CB246,1110.5,1111.5,1,8
CB246,1111.5,1119.5,0,9
CB246,1119.5,1129.0,1,10
CB246,1129.0,1135.0,0,11
CB246,1135.0,1136.0,1,12
CB246,1136.0,1137.5,0,13
CB246,1137.5,1144.0,1,14
CB246,1144.0,1151.0,0,15
CB246,1151.0,1152.0,1,16
CB246,1152.0,1166.5,0,17
CB246,1166.5,1177.5,1,18
CB246,1177.5,1195.0,0,19
CB246,1195.0,1199.0,1,20
CB246,1199.0,1238.0,0,21
CB246,1238.0,1240.5,1,22
CB246,1240.5,1242.5,0,23
CB246,1242.5,1244.5,1,24
CB246,1244.5,1257.5,0,25
CB246,1257.5,1258.5,1,26
CB246,1258.5,1285.5,0,27
CB246,1285.5,1288.5,1,28
CB246,1288.5,1325.5,0,29
CB246,1325.5,1327.5,1,30
CB246,1327.5,1344.0,0,31
CB246,1344.0,1349.0,1,32
CB246,1349.0,1351.0,0,33
CB246,1351.0,1353.0,1,34
CB246,1353.0,1363.5,0,35
CB246,1363.5,1365.5,1,36
CB246,1365.5,1387.0,0,37
CB246,1387.0,1397.5,1,38
CB246,1397.5,1400.5,0,39
CB246,1400.5,1401.5,1,40
CB246,1401.5,1404.0,0,41
CB246,1403.9,1413.0,1,42
CB246,1413.0,1421.5,0,43
CB246,1421.5,1424.5,1,44
CB246,1424.5,1425.5,0,45
CB246,1425.5,1427.0,1,46
CB246,1427.0,1432.0,0,47
CB246,1432.0,1437.0,1,48
CB246,1437.0,1441.0,0,49
CB246,1441.0,1442.5,1,50
CB246,1442.5,1464.0,0,51
CB247,1111.0,1112.0,1,1
CB247,1112.0,1115.5,0,2
CB247,1115.5,1117.0,1,3
CB247,1117.0,1142.0,0,4
CB247,1142.0,1151.0,1,5
CB247,1151.0,1161.5,0,6
CB247,1161.5,1163.0,1,7
CB247,1163.0,1169.5,0,8
CB247,1169.5,1171.0,1,9
CB247,1171.0,1179.5,0,10
CB247,1179.5,1180.5,1,11
CB247,1180.5,1188.5,0,12
CB247,1188.5,1198.5,1,13
CB247,1198.5,1210.0,0,14
CB247,1210.0,1214.5,1,15
CB247,1214.5,1252.0,0,16
CB247,1252.0,1253.0,1,17
CB247,1253.0,1255.5,0,18
CB247,1255.5,1257.0,1,19
CB247,1257.0,1274.0,0,20
CB247,1274.0,1276.0,1,21
CB247,1276.0,1284.0,0,22
CB247,1284.0,1288.0,1,23
CB247,1288.0,1318.0,0,24
CB247,1318.0,1321.5,1,25
CB247,1321.5,1336.0,0,26
CB248,1107.0,1111.5,0,1
CB248,1111.5,1115.0,1,2
CB248,1115.0,1120.0,0,3
CB248,1120.0,1124.0,1,4
CB248,1124.0,1149.5,0,5
CB248,1149.5,1151.0,1,6
CB248,1151.0,1171.0,0,7
CB248,1171.0,1173.0,1,8
CB248,1173.0,1203.0,0,9
CB248,1203.0,1211.5,1,10
CB248,1211.5,1217.5,0,11
CB248,1217.5,1219.5,1,12
CB248,1219.5,1232.5,0,13
CB248,1232.5,1235.0,1,14
CB248,1235.0,1314.5,0,15
CB248,1314.5,1320.0,1,16
CB248,1320.0,1335.5,0,17
CB248,1335.5,1336.5,1,18
CB248,1336.5,1367.0,0,19
CB248,1367.0,1368.5,1,20
CB248,1368.5,1389.5,0,21
CB248,1389.5,1390.5,1,22
CB248,1390.5,1394.0,0,23
CB248,1394.0,1395.5,1,24
CB248,1395.5,1412.0,0,25
CB248,1412.0,1414.0,1,26
CB248,1414.0,1427.5,0,27
CB248,1427.5,1428.0,1,28
CB248,1428.0,1429.5,0,29
CB248,1429.5,1434.7,1,30
CB248,1435.0,1452.5,0,31
CB248,1452.5,1453.5,1,32
CB248,1453.5,1458.5,0,33
CB248,1458.5,1459.5,1,34
CB248,1459.5,1461.0,0,35
CB248,1461.0,1462.0,1,36
CB248,1462.0,1465.0,0,37
CB248,1465.0,1466.0,1,38
CB248,1466.0,1477.0,0,39
CB248,1477.0,1483.0,1,40
CB249,1197.0,1198.5,0,1
CB249,1198.5,1213.0,1,2
CB249,1213.0,1214.5,0,3
CB249,1214.5,1216.5,1,4
CB249,1216.5,1217.5,0,5
CB249,1217.5,1218.0,1,6
CB249,1218.0,1219.0,0,7
CB249,1219.0,1220.0,1,8
CB249,1220.0,1221.0,0,9
CB249,1221.0,1223.0,1,10
CB249,1223.0,1225.5,0,11
CB249,1225.5,1239.0,1,12
CB249,1239.0,1240.0,0,13
CB249,1240.0,1249.0,1,14
CB25,1126.0,1147.0,0,1
CB25,1147.0,1148.0,1,2
CB25,1148.0,1162.0,0,3
CB25,1162.0,1164.0,1,4
CB25,1164.0,1171.5,0,5
CB25,1171.5,1174.0,1,6
CB25,1174.0,1243.0,0,7
CB25,1243.0,1250.5,1,8
CB25,1250.5,1263.0,0,9
CB25,1262.8,1284.0,1,10
CB25,1284.0,1294.0,0,11
CB25,1294.0,1295.0,1,12
CB25,1295.0,1308.5,0,13
CB25,1308.5,1319.5,1,14
CB25,1319.5,1330.0,0,15
CB25,1330.0,1331.0,1,16
CB25,1331.0,1332.5,0,17
CB25,1332.5,1333.5,1,18
CB25,1333.5,1337.0,0,19
CB25,1337.0,1341.0,1,20
CB25,1341.0,1362.0,0,21
CB25,1362.0,1363.0,1,22
CB25,1363.0,1374.5,0,23
CB25,1374.5,1376.0,1,24
CB25,1376.0,1376.5,0,25
CB25,1376.5,1377.5,1,26
CB25,1377.5,1378.5,0,27
CB25,1378.5,1385.5,1,28
CB25,1386.0,1387.0,0,29
CB25,1387.0,1388.0,1,30
CB25,1388.0,1397.5,0,31
CB25,1397.5,1409.5,1,32
CB25,1409.5,1420.0,0,33
CB25,1420.0,1425.0,1,34
CB25,1425.0,1426.0,0,35
CB25,1426.0,1427.0,1,36
CB25,1427.0,1428.0,0,37
CB25,1428.0,1429.0,1,38
CB25,1429.0,1432.0,0,39
CB25,1432.0,1433.0,1,40
CB25,1433.0,1436.0,0,41
CB25,1436.0,1438.0,1,42
CB25,1438.0,1440.0,0,43
CB25,1440.0,1441.0,1,44
CB25,1441.0,1445.0,0,45
CB25,1445.0,1446.5,1,46
CB25,1446.5,1453.5,0,47
CB25,1453.5,1454.5,1,48
CB25,1454.5,1463.0,0,49
CB25,1463.0,1464.0,1,50
CB25,1464.0,1466.5,0,51
CB25,1466.5,1479.0,1,52
CB25,1479.0,1482.0,0,53
CB251,1141.0,1157.0,1,1
CB251,1157.0,1162.0,0,2
CB251,1162.0,1167.5,1,3
CB251,1167.5,1180.5,0,4
CB251,1180.5,1183.5,1,5
CB251,1183.5,1185.5,0,6
CB251,1185.5,1187.0,1,7
CB251,1187.0,1199.5,0,8
CB251,1199.5,1202.0,1,9
CB251,1202.0,1203.0,0,10
CB251,1203.0,1228.0,1,11
CB251,1228.0,1233.0,0,12
CB251,1233.0,1234.0,1,13
CB251,1234.0,1256.5,0,14
CB251,1256.5,1262.0,1,15
CB251,1262.0,1279.0,0,16
CB251,1279.0,1279.5,1,17
CB251,1279.5,1290.0,0,18
CB251,1289.8,1296.0,1,19
CB251,1296.0,1300.0,0,20
CB251,1300.0,1300.5,1,21
CB251,1300.5,1320.5,0,22
CB251,1320.5,1324.0,1,23
CB251,1324.0,1327.0,0,24
CB251,1327.0,1340.5,1,25
CB251,1340.5,1386.5,0,26
CB251,1386.3,1391.5,1,27
CB251,1391.5,1396.0,0,28
CB251,1396.0,1407.0,1,29
CB251,1407.0,1416.5,0,30
CB251,1416.5,1419.0,1,31
CB251,1419.0,1424.5,0,32
CB251,1424.5,1425.0,1,33
CB251,1425.0,1426.0,0,34
CB251,1426.0,1431.0,1,35
CB251,1431.0,1488.0,0,36
CB251,1488.0,1497.0,1,37
CB251,1497.0,1501.0,0,38
CB252,1136.0,1136.5,1,1
CB252,1136.5,1140.5,0,2
CB252,1140.5,1147.0,1,3
CB252,1147.0,1179.0,0,4
CB252,1179.0,1181.0,1,5
CB252,1181.0,1183.0,0,6
CB252,1183.0,1189.0,1,7
CB252,1189.0,1271.5,0,8
CB252,1271.5,1283.5,1,9
CB252,1274.5,1280.0,0,10
CB252,1280.0,1290.5,1,11
CB252,1290.5,1313.0,0,12
CB252,1313.0,1314.5,1,13
CB252,1314.5,1338.0,0,14
CB252,1338.0,1339.0,1,15
CB252,1339.0,1342.0,0,16
CB252,1342.0,1355.0,1,17
CB252,1355.0,1364.5,0,18
CB252,1364.5,1372.5,1,19
CB252,1372.5,1377.5,0,20
CB252,1377.5,1378.5,1,21
CB252,1378.5,1381.5,0,22
CB252,1381.5,1383.0,1,23
CB252,1383.0,1396.5,0,24
CB252,1396.1,1403.0,1,25
CB252,1403.0,1420.5,0,26
CB252,1420.5,1421.0,1,27
CB252,1421.0,1422.5,0,28
CB252,1422.4,1427.0,1,29
CB252,1427.0,1455.0,0,30
CB252,1455.0,1457.5,1,31
CB252,1457.5,1463.0,0,32
CB252,1463.0,1465.5,1,33
CB252,1465.5,1490.5,0,34
CB252,1490.5,1499.0,1,35
CB253,1107.0,1132.0,0,1
CB253,1132.0,1140.5,1,2
CB253,1140.5,1160.0,0,3
CB253,1160.0,1163.0,1,4
CB253,1163.0,1167.5,0,5
CB253,1167.5,1168.5,1,6
CB253,1168.5,1176.0,0,7
CB253,1176.0,1181.0,1,8
CB253,1181.0,1238.0,0,9
CB253,1238.0,1249.5,1,10
CB253,1249.5,1257.0,0,11
CB253,1257.0,1258.0,1,12
CB253,1258.0,1259.5,0,13
CB253,1259.5,1261.0,1,14
CB253,1261.0,1273.0,0,15
CB253,1273.0,1286.5,1,16
CB253,1286.5,1300.5,0,17
CB253,1300.5,1304.0,1,18
CB253,1304.0,1346.0,0,19
CB253,1346.0,1348.5,1,20
CB253,1348.5,1349.5,0,21
CB253,1349.5,1354.0,1,22
CB253,1354.0,1400.0,0,23
CB253,1400.0,1405.5,1,24
CB253,1405.5,1424.0,0,25
CB253,1424.0,1428.0,1,26
CB253,1428.0,1437.0,0,27
CB253,1437.0,1440.0,1,28
CB253,1440.0,1451.5,0,29
CB253,1451.5,1457.0,1,30
CB253,1457.0,1462.0,0,31
CB253,1462.0,1464.0,1,32
CB253,1464.0,1466.0,0,33
CB253,1466.0,1469.0,1,34
CB255,1137.0,1144.0,1,1
CB255,1144.0,1165.0,0,2
CB255,1165.0,1170.0,1,3
CB255,1170.0,1174.0,0,4
CB255,1174.0,1176.0,1,5
CB255,1176.0,1231.5,0,6
CB255,1231.5,1233.0,1,7
CB255,1233.0,1269.0,0,8
CB255,1269.0,1270.5,1,9
CB255,1270.5,1275.0,0,10
CB255,1275.0,1281.5,1,11
CB255,1281.5,1312.5,0,12
CB255,1312.5,1315.8,1,13
CB255,1315.8,1318.0,0,14
CB255,1318.0,1319.5,1,15
CB255,1319.5,1330.0,0,16
CB255,1330.0,1333.0,1,17
CB255,1333.0,1338.0,0,18
CB255,1338.0,1345.0,1,19
CB255,1345.0,1357.0,0,20
CB255,1357.0,1368.5,1,21
CB255,1368.5,1391.0,0,22
CB256,1167.0,1169.0,0,1
CB256,1169.0,1178.5,1,2
CB256,1178.5,1179.5,0,3
CB256,1179.5,1181.0,1,4
CB256,1181.0,1186.0,0,5
CB256,1186.0,1187.0,1,6
CB256,1187.0,1196.0,0,7
CB256,1196.0,1208.0,1,8
CB256,1208.0,1210.5,0,9
CB256,1210.5,1215.0,1,10
CB256,1215.0,1235.0,0,11
CB257,1174.0,1178.5,0,1
CB257,1178.5,1189.5,1,2
CB257,1189.5,1204.5,0,3
CB257,1204.5,1215.5,1,4
CB257,1215.5,1217.0,0,5
CB257,1217.0,1220.5,1,6
CB257,1220.5,1222.5,0,7
CB257,1222.5,1224.5,1,8
CB257,1224.5,1230.0,0,9
CB257,1230.0,1243.0,1,10
CB257,1243.0,1273.5,0,11
CB257,1273.5,1275.0,1,12
CB257,1275.0,1366.5,0,13
CB257,1366.5,1368.5,1,14
CB257,1368.5,1460.0,0,15
CB258,1143.0,1143.5,0,1
CB258,1143.5,1148.5,1,2
CB258,1148.5,1164.0,0,3
CB258,1164.0,1174.5,1,4
CB258,1174.5,1199.0,0,5
CB258,1199.0,1209.0,1,6
CB258,1209.0,1215.0,0,7
CB258,1215.0,1219.0,1,8
CB258,1219.0,1223.0,0,9
CB258,1223.0,1224.0,1,10
CB258,1224.0,1233.0,0,11
CB258,1233.0,1239.0,1,12
CB258,1239.0,1239.5,0,13
CB258,1239.5,1243.5,1,14
CB258,1243.5,1244.5,0,15
CB258,1244.5,1248.0,1,16
CB258,1248.0,1249.0,0,17
CB258,1249.0,1250.0,1,18
CB258,1250.0,1251.0,0,19
CB258,1251.0,1257.5,1,20
CB258,1257.5,1259.0,0,21
CB258,1259.0,1262.5,1,22
CB258,1262.5,1294.5,0,23
CB258,1294.5,1311.5,1,24
CB258,1311.5,1313.5,0,25
CB258,1313.5,1316.5,1,26
CB258,1316.5,1370.5,0,27
CB258,1370.5,1381.5,1,28
CB258,1381.5,1413.5,0,29
CB258,1413.5,1426.5,1,30
CB258,1426.5,1452.0,0,31
CB258,1452.0,1453.0,1,32
CB258,1453.0,1496.0,0,33
CB258,1496.0,1498.0,1,34
CB258,1498.0,1530.0,0,35
CB258,1530.0,1534.0,1,36
CB258,1534.0,1536.5,0,37
CB258,1536.5,1542.5,1,38
CB258,1542.5,1562.5,0,39
CB258,1562.5,1564.0,1,40
CB258,1564.0,1571.5,0,41
CB258,1571.5,1572.0,1,42
CB259,1143.0,1148.0,1,1
CB259,1148.0,1157.0,0,2
CB259,1157.0,1166.0,1,3
CB259,1166.0,1193.5,0,4
CB259,1193.5,1195.0,1,5
CB259,1195.0,1196.5,0,6
CB259,1196.5,1203.5,1,7
CB259,1203.5,1268.0,0,8
CB259,1268.0,1269.5,1,9
CB259,1269.5,1275.0,0,10
CB26,1120.0,1124.0,0,1
CB26,1124.0,1128.0,1,2
CB26,1128.0,1136.5,0,3
CB26,1136.5,1151.0,1,4
CB26,1151.0,1159.0,0,5
CB26,1159.0,1162.5,1,6
CB26,1162.5,1164.0,0,7
CB26,1164.0,1166.0,1,8
CB26,1166.0,1173.5,0,9
CB26,1173.5,1175.5,1,10
CB26,1175.5,1184.0,0,11
CB26,1184.0,1186.5,1,12
CB26,1186.5,1217.5,0,13
CB26,1217.5,1219.0,1,14
CB26,1219.0,1235.0,0,15
CB26,1235.0,1239.0,1,16
CB26,1239.0,1246.0,0,17
CB26,1246.0,1261.0,1,18
CB26,1261.0,1261.5,0,19
CB26,1261.5,1269.0,1,20
CB26,1269.0,1269.5,0,21
CB26,1269.5,1272.5,1,22
CB26,1272.5,1286.0,0,23
CB26,1286.0,1288.0,1,24
CB26,1288.0,1301.5,0,25
CB26,1301.5,1304.5,1,26
CB26,1304.5,1344.5,0,27
CB26,1344.5,1345.5,1,28
CB26,1345.5,1370.0,0,29
CB26,1370.0,1373.8,1,30
CB26,1374.0,1374.5,0,31
CB26,1374.5,1375.0,1,32
CB26,1375.0,1376.5,0,33
CB26,1376.5,1378.5,1,34
CB26,1378.5,1390.5,0,35
CB26,1390.5,1393.0,1,36
CB26,1393.0,1394.0,0,37
CB26,1394.0,1395.0,1,38
CB26,1395.0,1395.5,0,39
CB26,1395.5,1397.0,1,40
CB26,1397.0,1411.5,0,41
CB26,1411.5,1412.5,1,42
CB26,1412.5,1426.0,0,43
CB26,1426.0,1429.0,1,44
CB26,1429.0,1430.5,0,45
CB26,1430.5,1431.5,1,46
CB26,1431.5,1436.5,0,47
CB26,1436.5,1437.5,1,48
CB26,1437.5,1447.0,0,49
CB26,1446.8,1451.0,1,50
CB26,1451.0,1452.5,0,51
CB26,1452.5,1453.5,1,52
CB26,1453.5,1461.0,0,53
CB26,1461.0,1464.0,1,54
CB26,1464.0,1466.5,0,55
CB26,1466.5,1470.0,1,56
CB260,1164.0,1165.0,1,1
CB260,1165.0,1168.0,0,2
CB260,1168.0,1172.5,1,3
CB260,1172.5,1187.0,0,4
CB260,1187.0,1192.5,1,5
CB260,1192.5,1255.0,0,6
CB260,1255.0,1261.0,1,7
CB260,1261.0,1264.5,0,8
CB260,1264.5,1279.5,1,9
CB260,1279.5,1296.0,0,10
CB260,1296.0,1298.0,1,11
CB260,1298.0,1300.0,0,12
CB260,1300.0,1302.5,1,13
CB260,1302.5,1318.0,0,14
CB260,1318.0,1328.0,1,15
CB260,1328.0,1341.0,0,16
CB260,1341.0,1350.5,1,17
CB260,1350.5,1374.5,0,18
CB260,1374.5,1383.0,1,19
CB260,1383.0,1391.0,0,20
CB260,1391.0,1393.0,1,21
CB260,1393.0,1397.0,0,22
CB260,1397.0,1399.0,1,23
CB260,1399.0,1441.0,0,24
CB260,1441.0,1444.5,1,25
CB260,1444.5,1454.5,0,26
CB260,1454.5,1456.0,1,27
CB260,1456.0,1458.5,0,28
CB260,1458.5,1460.5,1,29
CB260,1460.5,1465.0,0,30
CB261,1214.0,1255.5,0,1
CB27,1146.0,1150.5,0,1
CB27,1150.5,1162.5,1,2
CB27,1162.5,1165.0,0,3
CB27,1165.0,1166.5,1,4
CB27,1166.5,1170.5,0,5
CB27,1170.5,1178.5,1,6
CB27,1178.5,1182.0,0,7
CB27,1182.0,1183.0,1,8
CB27,1183.0,1208.0,0,9
CB27,1208.0,1210.0,1,10
CB27,1210.0,1214.5,0,11
CB27,1214.5,1221.5,1,12
CB27,1221.5,1242.0,0,13
CB27,1242.0,1247.0,1,14
CB27,1247.0,1264.0,0,15
CB27,1264.0,1265.0,1,16
CB27,1265.0,1268.5,0,17
CB27,1268.5,1270.0,1,18
CB27,1270.0,1278.0,0,19
CB27,1278.0,1280.0,1,20
CB27,1280.0,1288.0,0,21
CB27,1288.0,1293.0,1,22
CB27,1293.0,1312.0,0,23
CB27,1312.0,1314.0,1,24
CB27,1314.0,1318.0,0,25
CB27,1318.0,1332.5,1,26
CB27,1332.5,1337.0,0,27
CB27,1337.0,1340.5,1,28
CB27,1340.5,1349.5,0,29
CB27,1349.5,1351.0,1,30
CB27,1351.0,1363.0,0,31
CB27,1363.0,1364.0,1,32
CB27,1364.0,1367.5,0,33
CB27,1367.5,1368.5,1,34
CB27,1368.5,1378.5,0,35
CB27,1378.5,1379.5,1,36
CB27,1379.5,1389.0,0,37
CB27,1389.0,1391.0,1,38
CB27,1391.0,1401.0,0,39
CB27,1400.4,1407.5,1,40
CB27,1407.5,1408.5,0,41
CB27,1408.5,1414.0,1,42
CB27,1414.0,1420.0,0,43
CB27,1420.0,1422.0,1,44
CB27,1422.0,1438.5,0,45
CB27,1438.5,1439.5,1,46
CB27,1439.5,1442.5,0,47
CB27,1442.5,1443.5,1,48
CB27,1443.5,1458.5,0,49
CB27,1458.5,1466.0,1,50
CB27,1466.0,1482.5,0,51
CB27,1482.5,1484.0,1,52
CB27,1484.0,1486.0,0,53
CB27,1486.0,1491.0,1,54
CB27,1491.0,1502.0,0,55
CB27,1502.0,1504.0,1,56
CB27,1504.0,1515.0,0,57
CB27,1515.0,1518.0,1,58
CB271,1127.0,1137.0,0,1
CB271,1137.0,1147.0,1,2
CB271,1147.0,1163.0,0,3
CB271,1163.0,1165.0,1,4
CB271,1165.0,1177.0,0,5
CB271,1177.0,1179.0,1,6
CB271,1179.0,1186.5,0,7
CB271,1186.5,1199.5,1,8
CB271,1199.5,1213.5,0,9
CB271,1213.5,1216.5,1,10
CB271,1216.5,1257.0,0,11
CB271,1257.0,1261.0,1,12
CB271,1261.0,1266.5,0,13
CB271,1266.5,1270.5,1,14
CB271,1270.5,1290.5,0,15
CB271,1290.5,1302.1,1,16
CB271,1302.0,1312.5,0,17
CB271,1312.5,1314.5,1,18
CB271,1314.5,1336.5,0,19
CB271,1336.5,1337.5,1,20
CB271,1337.5,1351.5,0,21
CB271,1351.5,1352.5,1,22
CB271,1352.5,1354.0,0,23
CB271,1354.0,1355.5,1,24
CB271,1355.5,1388.0,0,25
CB271,1388.0,1393.0,1,26
CB271,1393.0,1399.5,0,27
CB271,1399.5,1400.0,1,28
CB271,1400.0,1408.5,0,29
CB271,1408.5,1409.0,1,30
CB271,1409.0,1424.5,0,31
CB271,1424.5,1425.5,1,32
CB271,1425.5,1428.0,0,33
CB271,1427.9,1432.0,1,34
CB271,1432.0,1441.5,0,35
CB271,1441.5,1443.0,1,36
CB271,1443.0,1455.0,0,37
CB271,1455.0,1457.5,1,38
CB271,1457.5,1465.0,0,39
CB271,1465.0,1467.0,1,40
CB271,1467.0,1486.5,0,41
CB271,1486.5,1488.0,1,42
CB271,1488.0,1491.0,0,43
CB271,1491.0,1493.5,1,44
CB271,1493.5,1494.0,0,45
CB272,1173.0,1191.0,0,1
CB272,1191.0,1193.5,1,2
CB272,1193.5,1217.0,0,3
CB272,1217.0,1221.5,1,4
CB272,1221.5,1222.5,0,5
CB272,1222.5,1228.0,1,6
CB272,1228.0,1242.0,0,7
CB272,1242.0,1243.0,1,8
CB272,1243.0,1252.0,0,9
CB272,1252.0,1255.5,1,10
CB272,1255.5,1273.0,0,11
CB272,1273.0,1281.0,1,12
CB272,1281.0,1387.5,0,13
CB272,1387.5,1389.0,1,14
CB272,1389.0,1398.5,0,15
CB272,1398.5,1400.5,1,16
CB272,1400.5,1406.5,0,17
CB272,1406.5,1408.5,1,18
CB272,1408.5,1415.5,0,19
CB272,1415.5,1417.5,1,20
CB272,1417.5,1423.0,0,21
CB272,1423.0,1428.0,1,22
CB273,1165.0,1178.0,0,1
CB273,1178.0,1183.0,1,2
CB273,1183.0,1211.0,0,3
CB273,1211.0,1219.5,1,4
CB273,1219.5,1221.5,0,5
CB273,1221.5,1227.5,1,6
CB273,1227.5,1244.0,0,7
CB273,1244.0,1245.0,1,8
CB273,1245.0,1267.0,0,9
CB273,1267.0,1270.0,1,10
CB273,1270.0,1313.5,0,11
CB273,1313.5,1315.5,1,12
CB273,1315.5,1323.0,0,13
CB273,1323.0,1336.0,1,14
CB273,1336.0,1350.0,0,15
CB273,1350.0,1352.0,1,16
CB273,1352.0,1360.0,0,17
CB292,1141.0,1148.0,0,1
CB292,1148.0,1150.5,1,2
CB292,1150.5,1154.0,0,3
CB292,1154.0,1154.5,1,4
CB292,1154.5,1158.0,0,5
CB292,1158.0,1161.0,1,6
CB292,1161.0,1161.5,0,7
CB292,1161.5,1162.5,1,8
CB292,1162.5,1163.0,0,9
CB292,1163.0,1165.5,1,10
CB292,1165.5,1168.0,0,11
CB292,1168.0,1170.0,1,12
CB292,1170.0,1211.5,0,13
CB292,1211.5,1213.0,1,14
CB292,1213.0,1258.5,0,15
CB292,1258.5,1260.5,1,16
CB292,1260.5,1283.5,0,17
CB292,1283.5,1285.0,1,18
CB292,1285.0,1293.5,0,19
CB292,1293.5,1299.0,1,20
CB292,1299.0,1304.0,0,21
CB292,1304.0,1305.0,1,22
CB292,1305.0,1308.0,0,23
CB292,1308.0,1312.5,1,24
CB292,1312.5,1342.0,0,25
CB292,1342.0,1349.5,1,26
CB292,1349.5,1355.0,0,27
CB292,1355.0,1356.0,1,28
CB292,1356.0,1373.0,0,29
CB30,1289.0,1312.5,0,1
CB30,1312.5,1319.0,1,2
CB30,1319.0,1338.5,0,3
CB30,1338.5,1341.0,1,4
CB30,1341.0,1346.0,0,5
CB30,1346.0,1347.5,1,6
CB30,1347.5,1355.5,0,7
CB30,1355.5,1357.5,1,8
CB30,1357.5,1371.0,0,9
CB30,1371.0,1374.0,1,10
CB30,1374.0,1377.5,0,11
CB30,1377.5,1400.0,1,12
CB30,1400.0,1429.0,0,13
CB30,1429.0,1438.0,1,14
CB30,1438.0,1517.5,0,15
CB30,1517.5,1528.5,1,16
CB30,1528.5,1539.5,0,17
CB30,1539.5,1542.5,1,18
CB30,1542.5,1558.5,0,19
CB30,1558.5,1566.0,1,20
CB30,1566.0,1577.5,0,21
CB30,1577.5,1580.0,1,22
CB30,1580.0,1589.0,0,23
CB301,1278.0,1333.5,0,1
CB301,1333.5,1335.0,1,2
CB301,1335.0,1354.0,0,3
CB301,1354.0,1364.0,1,4
CB301,1364.0,1503.0,0,5
CB301,1503.0,1504.5,1,6
CB301,1504.5,1563.0,0,7
CB301,1563.0,1576.5,1,8
CB301,1576.5,1589.0,0,9
CB301,1589.0,1590.5,1,10
CB301,1590.5,1634.0,0,11
CB301,1634.0,1636.0,1,12
CB301,1636.0,1650.0,0,13
CB301,1650.0,1651.5,1,14
CB301,1651.5,1673.0,0,15
CB301,1673.0,1684.0,1,16
CB301,1684.0,1685.5,0,17
CB301,1685.5,1689.0,1,18
CB301,1689.0,1693.5,0,19
CB301,1693.5,1705.0,1,20
CB301,1705.0,1707.0,0,21
CB32,1332.0,1333.0,1,1
CB32,1333.0,1336.5,0,2
CB32,1336.5,1339.5,1,3
CB32,1339.5,1351.5,0,4
CB32,1351.5,1355.5,1,5
CB32,1355.5,1358.0,0,6
CB32,1358.0,1360.0,1,7
CB32,1360.0,1368.5,0,8
CB32,1368.5,1383.0,1,9
CB32,1383.0,1392.5,0,10
CB32,1392.5,1417.5,1,11
CB32,1417.5,1427.5,0,12
CB32,1427.5,1435.0,1,13
CB32,1435.0,1439.5,0,14
CB32,1439.5,1452.5,1,15
CB32,1452.5,1471.0,0,16
CB32,1471.0,1477.0,1,17
CB32,1477.0,1523.5,0,18
CB32,1523.5,1537.5,1,19
CB32,1537.5,1557.0,0,20
CB32,1557.0,1558.5,1,21
CB32,1558.5,1621.0,0,22
CB32,1621.0,1626.5,1,23
CB32,1626.5,1660.0,0,24
CB32,1660.0,1663.5,1,25
CB32,1663.5,1668.0,0,26
CB32,1668.0,1670.0,1,27
CB32,1670.0,1709.5,0,28
CB32,1709.5,1715.0,1,29
CB32,1715.0,1722.0,0,30
CB32,1722.0,1724.0,1,31
CB32,1724.0,1732.0,0,32
CB32,1732.0,1735.0,1,33
CB32,1735.0,1739.0,0,34
CB32,1739.0,1743.0,1,35
CB32,1743.0,1766.0,0,36
CB321,1330.0,1331.5,1,1
CB321,1331.5,1354.0,0,2
CB321,1354.0,1358.0,1,3
CB321,1358.0,1363.0,0,4
CB321,1363.0,1364.5,1,5
CB321,1364.5,1381.0,0,6
CB321,1381.0,1388.0,1,7
CB321,1388.0,1395.0,0,8
CB321,1395.0,1396.5,1,9
CB321,1396.5,1490.5,0,10
CB321,1490.5,1491.5,1,11
CB321,1491.5,1546.5,0,12
CB321,1546.5,1549.5,1,13
CB321,1549.5,1551.5,0,14
CB321,1551.5,1553.0,1,15
CB321,1553.0,1574.0,0,16
CB321,1574.0,1579.0,1,17
CB321,1579.0,1581.0,0,18
CB321,1581.0,1587.0,1,19
CB321,1587.0,1595.5,0,20
CB321,1595.5,1598.0,1,21
CB321,1598.0,1610.0,0,22
CB321,1610.0,1611.5,1,23
CB321,1611.5,1641.5,0,24
CB321,1641.5,1646.0,1,25
CB321,1646.0,1655.0,0,26
CB321,1655.0,1660.5,1,27
CB321,1660.5,1663.5,0,28
CB321,1663.5,1665.0,1,29
CB321,1665.0,1684.0,0,30
CB325,1281.0,1289.0,1,1
CB325,1289.0,1290.5,0,2
CB325,1290.5,1292.0,1,3
CB325,1292.0,1307.0,0,4
CB325,1307.0,1320.5,1,5
CB325,1320.5,1329.0,0,6
CB325,1329.0,1331.5,1,7
CB325,1331.5,1351.0,0,8
CB325,1351.0,1352.0,1,9
CB325,1352.0,1353.0,0,10
CB325,1353.0,1358.0,1,11
CB325,1358.0,1417.5,0,12
CB325,1417.5,1418.5,1,13
CB325,1418.5,1440.0,0,14
CB325,1440.0,1441.5,1,15
CB325,1441.5,1446.5,0,16
CB325,1446.5,1450.0,1,17
CB325,1450.0,1524.0,0,18
CB325,1524.0,1525.5,1,19
CB325,1525.5,1548.0,0,20
CB325,1548.0,1550.0,1,21
CB325,1550.0,1576.0,0,22
CB325,1576.0,1579.5,1,23
CB325,1579.5,1581.0,0,24
CB325,1581.0,1582.0,1,25
CB325,1582.0,1609.0,0,26
CB325,1609.0,1610.5,1,27
CB325,1610.5,1616.5,0,28
CB325,1616.5,1618.0,1,29
CB325,1618.0,1641.5,0,30
CB325,1641.5,1651.5,1,31
CB325,1651.5,1654.5,0,32
CB325,1654.5,1655.5,1,33
CB325,1655.5,1663.0,0,34
CB325,1663.0,1666.0,1,35
CB325,1666.0,1673.0,0,36
CB325,1673.0,1676.0,1,37
CB325,1676.0,1680.0,0,38
CB326,1354.0,1371.0,0,1
CB326,1371.0,1374.0,1,2
CB326,1374.0,1402.0,0,3
CB326,1402.0,1406.5,1,4
CB326,1406.5,1451.0,0,5
CB326,1451.0,1464.0,1,6
CB326,1464.0,1500.0,0,7
CB326,1500.0,1502.0,1,8
CB326,1502.0,1525.0,0,9
CB326,1525.0,1526.5,1,10
CB326,1526.5,1577.0,0,11
CB326,1577.0,1579.5,1,12
CB326,1579.5,1597.0,0,13
CB326,1597.0,1599.5,1,14
CB326,1599.5,1703.0,0,15
CB326,1703.0,1704.0,1,16
CB326,1704.0,1713.5,0,17
CB326,1713.5,1716.5,1,18
CB326,1716.5,1722.5,0,19
CB326,1722.5,1723.5,1,20
CB326,1723.5,1724.0,0,21
CB326,1724.0,1728.0,1,22
CB326,1728.0,1733.5,0,23
CB326,1733.5,1734.0,1,24
CB326,1734.0,1736.0,0,25
CB327,1500.0,1528.0,0,1,1
CB327,1528.0,1535.5,1,2
CB327,1535.5,1578.5,0,3
CB327,1578.5,1587.0,1,4
CB327,1587.0,1592.0,0,5
CB327,1592.0,1598.0,1,6
CB327,1598.0,1631.0,0,7
CB327,1631.0,1634.0,1,8
CB327,1634.0,1652.5,0,9
CB327,1652.5,1656.0,1,10
CB327,1656.0,1670.0,0,11
CB327,1670.0,1671.0,1,12
CB327,1671.0,1694.0,0,13
CB327,1694.0,1696.0,1,14
CB327,1696.0,1714.0,0,15
CB327,1714.0,1715.5,1,16
CB327,1715.5,1717.0,0,17
CB327,1717.0,1719.0,1,18
CB327,1719.0,1726.0,0,19
CB327,1726.0,1726.5,1,20
CB327,1726.5,1730.0,0,21
CB327,1730.0,1730.5,1,22
CB327,1730.5,1736.0,0,23
CB328,1500.0,1525.5,0,1,1
CB328,1525.5,1531.0,1,2
CB328,1531.0,1547.0,0,3
CB328,1547.0,1554.5,1,4
CB328,1554.5,1562.5,0,5
CB328,1562.5,1564.5,1,6
CB328,1564.5,1600.5,0,7
CB328,1600.5,1605.0,1,8
CB328,1605.0,1617.0,0,9
CB328,1617.0,1620.5,1,10
CB328,1620.5,1687.5,0,11
CB328,1687.5,1688.5,1,12
CB328,1688.5,1707.5,0,13
CB328,1707.5,1713.0,1,14
CB328,1713.0,1720.0,0,15
CB329,1500.0,1551.0,0,1,1
CB329,1551.0,1552.0,1,2
CB329,1552.0,1572.5,0,3
CB329,1572.5,1580.5,1,4
CB329,1580.5,1608.0,0,5
CB329,1608.0,1613.5,1,6
CB329,1613.5,1619.5,0,7
CB329,1619.5,1623.5,1,8
CB329,1623.5,1631.5,0,9
CB329,1631.5,1634.0,1,10
CB329,1634.0,1643.0,0,11
CB330,1500.0,1520.0,0,1,1
CB330,1520.0,1528.0,1,2
CB330,1528.0,1536.0,0,3
CB330,1536.0,1540.0,1,4
CB330,1540.0,1545.5,0,5
CB330,1545.5,1548.5,1,6
CB330,1548.5,1633.5,0,7
CB330,1633.5,1637.0,1,8
CB330,1637.0,1641.0,0,9
CB330,1641.0,1645.5,1,10
CB330,1645.5,1648.5,0,11
CB330,1648.5,1651.0,1,12
CB330,1651.0,1658.0,0,13
CB330,1658.0,1661.0,1,14
CB330,1661.0,1662.5,0,15
CB330,1662.5,1666.0,1,16
CB330,1666.0,1670.0,0,17
CB330,1670.0,1671.0,1,18
CB341,1300.0,1316.5,0,1,1
CB341,1316.5,1328.5,1,2
CB341,1328.5,1348.0,0,3
CB341,1348.0,1351.0,1,4
CB341,1351.0,1355.0,0,5
CB341,1355.0,1358.0,1,6
CB341,1358.0,1372.0,0,7
CB341,1372.0,1381.0,1,8
CB341,1381.0,1393.0,0,9
CB341,1393.0,1404.0,1,10
CB341,1404.0,1411.5,0,11
CB341,1411.5,1416.5,1,12
CB341,1416.5,1421.0,0,13
CB341,1421.0,1431.0,1,14
CB341,1431.0,1436.5,0,15
CB341,1436.5,1442.5,1,16
CB341,1442.5,1444.5,0,17
CB341,1444.5,1445.5,1,18
CB341,1445.5,1510.5,0,19
CB341,1510.5,1512.0,1,20
CB341,1512.0,1540.0,0,21
CB341,1540.0,1542.0,1,22
CB341,1542.0,1552.5,0,23
CB341,1552.5,1554.0,1,24
CB341,1554.0,1564.5,0,25
CB341,1564.5,1566.0,1,26
CB341,1566.0,1570.5,0,27
CB341,1570.5,1581.5,1,28
CB341,1581.5,1597.0,0,29
CB341,1597.0,1599.0,1,30
CB341,1599.0,1600.0,0,31
CB341,1600.0,1602.0,1,32
CB341,1602.0,1605.5,0,33
CB341,1605.5,1609.5,1,34
CB341,1609.5,1624.1,0,35
CB341,1624.1,1629.3,1,36
CB42,1172.0,1174.0,0,1
CB42,1174.0,1176.5,1,2
CB42,1176.5,1177.5,0,3
CB42,1177.5,1191.5,1,4
CB42,1191.5,1210.0,0,5
CB42,1210.0,1211.0,1,6
CB42,1211.0,1234.0,0,7
CB42,1234.0,1235.5,1,8
CB42,1235.5,1244.0,0,9
CB42,1244.0,1245.5,1,10
CB42,1245.5,1246.5,0,11
CB42,1246.5,1250.5,1,12
CB42,1250.5,1252.5,0,13
CB42,1252.5,1255.5,1,14
CB42,1255.5,1265.0,0,15
CB42,1265.0,1278.5,1,16
CB42,1278.5,1295.0,0,17
CB42,1295.0,1304.0,1,18
CB42,1304.0,1332.0,0,19
CB42,1332.0,1336.0,1,20
CB42,1336.0,1353.5,0,21
CB42,1353.5,1356.5,1,22
CB42,1356.5,1377.5,0,23
CB42,1377.5,1381.0,1,24
CB42,1381.0,1399.0,0,25
CB42,1399.0,1401.0,1,26
CB42,1401.0,1408.0,0,27
CB42,1408.0,1412.0,1,28
CB42,1412.0,1428.0,0,29
CB42,1428.0,1435.0,1,30
CB42,1435.0,1503.0,0,31
CB42,1503.0,1515.0,1,32
CB42,1515.0,1557.0,0,33
CB42,1557.0,1563.0,1,34
CB42,1563.0,1579.0,0,35
CB43,1162.0,1170.0,0,1
CB43,1170.0,1172.5,1,2
CB43,1172.5,1189.0,0,3
CB43,1189.0,1212.5,1,4
CB43,1212.5,1227.0,0,5
CB43,1227.0,1236.0,1,6
CB43,1236.0,1261.5,0,7
CB43,1261.5,1278.0,1,8
CB43,1278.0,1289.0,0,9
CB43,1289.0,1296.5,1,10
CB43,1296.5,1313.0,0,11
CB43,1313.0,1323.0,1,12
CB43,1323.0,1346.0,0,13
CB43,1346.0,1348.0,1,14
CB43,1348.0,1361.0,0,15
CB43,1361.0,1366.0,1,16
CB43,1366.0,1369.0,0,17
CB43,1369.0,1372.0,1,18
CB43,1372.0,1391.5,0,19
CB43,1391.5,1392.5,1,20
CB43,1392.5,1427.0,0,21
CB43,1427.0,1431.5,1,22
CB43,1431.5,1459.0,0,23
CB43,1459.0,1465.0,1,24
CB43,1465.0,1483.5,0,25
CB43,1483.5,1489.5,1,26
CB43,1489.5,1501.0,0,27
CB43,1501.0,1505.0,1,28
CB43,1505.0,1508.5,0,29
CB43,1508.5,1510.0,1,30
CB43,1510.0,1520.0,0,31
CB43,1520.0,1528.0,1,32
CB43,1528.0,1547.0,0,33
CB43,1547.0,1553.5,1,34
CB43,1553.5,1558.0,0,35
CB43,1558.0,1560.0,1,36
CB43,1560.0,1567.0,0,37
CB45,1029.0,1043.0,0,1
CB45,1043.0,1045.0,1,2
CB45,1045.0,1071.5,0,3
CB45,1071.5,1089.0,1,4
CB45,1089.0,1097.0,0,5
CB45,1097.0,1101.5,1,6
CB45,1101.5,1105.0,0,7
CB45,1105.0,1115.0,1,8
CB45,1115.0,1159.0,0,9
CB45,1159.0,1166.0,1,10
CB45,1166.0,1200.0,0,11
CB45,1200.0,1204.0,1,12
CB45,1204.0,1237.7,0,13
CB45,1237.7,1239.2,1,14
CB45,1239.2,1266.2,0,15
CB45,1266.2,1270.3,1,16
CB45,1270.3,1277.4,0,17
CB45,1277.4,1278.6,1,18
CB45,1278.6,1281.6,0,19
CB45,1281.6,1289.5,1,20
CB45,1289.5,1293.0,0,21
CB45,1293.0,1294.5,1,22
CB45,1294.5,1314.2,0,23
CB45,1314.2,1322.6,1,24
CB45,1322.6,1338.8,0,25
CB45,1338.8,1340.1,1,26
CB45,1340.1,1359.5,0,27
CB45,1359.5,1367.9,1,28
CB45,1367.9,1374.0,0,29
CB45,1374.0,1376.0,1,30
CB45,1376.0,1385.0,0,31
CB45,1385.0,1387.5,1,32
CB45,1387.5,1395.0,0,33
CB50,1210.0,1233.0,0,1
CB50,1233.0,1234.5,1,2
CB50,1234.5,1236.0,0,3
CB50,1236.0,1246.0,1,4
CB50,1246.0,1249.0,0,5
CB50,1249.0,1262.0,1,6
CB50,1262.0,1278.0,0,7
CB50,1278.0,1290.0,1,8
CB50,1290.0,1300.5,0,9
CB50,1300.5,1313.0,1,10
CB50,1313.0,1338.0,0,11
CB50,1338.0,1342.5,1,12
CB50,1342.5,1364.0,0,13
CB50,1364.0,1370.0,1,14
CB50,1370.0,1388.0,0,15
CB50,1388.0,1391.0,1,16
CB50,1391.0,1403.0,0,17
CB50,1403.0,1407.0,1,18
CB50,1407.0,1430.5,0,19
CB50,1430.5,1432.5,1,20
CB50,1432.5,1473.0,0,21
CB50,1473.0,1475.0,1,22
CB50,1475.0,1484.0,0,23
CB50,1484.0,1499.0,1,24
CB50,1499.0,1500.5,0,25
CB50,1500.5,1504.0,1,26
CB50,1504.0,1528.0,0,27
CB50,1528.0,1531.0,1,28
CB50,1531.0,1539.0,0,29
CB50,1539.0,1542.5,1,30
CB50,1542.5,1557.0,0,31
CB50,1557.0,1561.0,1,32
CB50,1561.0,1568.0,0,33
CB50,1568.0,1570.0,1,34
CB8,1178.0,1186.0,1,1
CB8,1186.0,1192.0,0,2
CB8,1192.0,1202.5,1,3
CB8,1202.5,1206.0,0,4
CB8,1206.0,1208.0,1,5
CB8,1208.0,1209.5,0,6
CB8,1209.5,1217.0,1,7
CB8,1217.0,1224.0,0,8
CB8,1224.0,1228.0,1,9
CB8,1228.0,1253.0,0,10
CB8,1253.0,1255.0,1,11
CB8,1255.0,1272.5,0,12
CB8,1272.5,1275.5,1,13
CB8,1275.5,1290.5,0,14
CB8,1290.5,1294.0,1,15
CB8,1294.0,1301.0,0,16
CB8,1301.0,1302.5,1,17
CB8,1302.5,1305.5,0,18
CB8,1305.5,1307.0,1,19
CB8,1307.0,1334.5,0,20
CB8,1334.5,1341.0,1,21
CB8,1341.0,1348.5,0,22
CB8,1348.5,1353.0,1,23
CB8,1353.0,1367.5,0,24
CB8,1367.5,1373.5,1,25
CB8,1373.5,1438.0,0,26
CB8,1438.0,1440.5,1,27
CB8,1440.5,1458.5,0,28
CB8,1458.5,1460.0,1,29
CB8,1460.0,1484.0,0,30
CB8,1484.0,1491.5,1,31
CB8,1491.5,1508.5,0,32
CB8,1508.5,1512.5,1,33
CB8,1512.5,1542.0,0,34
CB8,1542.0,1544.0,1,35
CB8,1544.0,1549.0,0,36
CB8,1549.0,1551.0,1,37
CB8,1551.0,1560.5,0,38
CB8,1560.5,1563.5,1,39
CB8,1563.5,1565.0,0,40
CB8,1565.0,1567.0,1,41
CB804,1305.0,1341.0,0,1
CB804,1341.0,1352.0,1,2
CB804,1352.0,1358.0,0,3
CB804,1358.0,1363.5,1,4
CB804,1363.5,1379.0,0,5
CB804,1379.0,1384.0,1,6
CB804,1384.0,1416.0,0,7
CB804,1416.0,1418.0,1,8
CB804,1418.0,1516.5,0,9
CB804,1516.5,1524.5,1,10
CB804,1524.5,1534.0,0,11
CB804,1534.0,1553.0,1,12
CB804,1553.0,1589.5,0,13
CB804,1589.5,1598.0,1,14
CB804,1598.0,1618.5,0,15
CB804,1618.5,1619.5,1,16
CB804,1619.5,1665.0,0,17
CB804,1665.0,1667.5,1,18
CB804,1667.5,1692.0,0,19
CB804,1692.0,1695.0,1,20
CB804,1695.0,1699.5,0,21
CB804,1699.5,1702.0,1,22
CB804,1702.0,1708.0,0,23
CB804,1708.0,1710.0,1,24
CB804,1710.0,1711.0,0,25
CB805,1253.0,1266.0,1,1
CB805,1266.0,1273.0,0,2
CB805,1273.0,1276.0,1,3
CB805,1276.0,1312.0,0,4
CB805,1312.0,1314.0,1,5
CB805,1314.0,1334.0,0,6
CB805,1334.0,1347.0,1,7
CB805,1347.0,1373.0,0,8
CB805,1373.0,1382.0,1,9
CB805,1382.0,1390.5,0,10
CB805,1390.5,1396.5,1,11
CB805,1396.5,1419.0,0,12
CB805,1419.0,1431.0,1,13
CB805,1431.0,1449.0,0,14
CB805,1449.0,1451.5,1,15
CB805,1451.5,1506.0,0,16
CB805,1506.0,1517.0,1,17
CB805,1517.0,1540.0,0,18
CB805,1540.0,1541.5,1,19
CB805,1541.5,1546.0,0,20
CB805,1546.0,1548.0,1,21
CB805,1548.0,1553.0,0,22
CB805,1553.0,1554.0,1,23
CB805,1554.0,1577.0,0,24
CB805,1577.0,1580.5,1,25
CB805,1580.5,1608.0,0,26
CB805,1608.0,1612.5,1,27
CB805,1612.5,1622.5,0,28
CB805,1622.5,1624.5,1,29
CB805,1624.5,1638.0,0,30
CB807,1300.0,1325.5,0,1,1
CB807,1325.5,1327.0,1,2
CB807,1327.0,1328.5,0,3
CB807,1328.5,1333.0,1,4
CB807,1333.0,1352.0,0,5
CB807,1352.0,1354.5,1,6
CB807,1354.5,1359.0,0,7
CB807,1359.0,1373.0,1,8
CB807,1373.0,1380.5,0,9
CB807,1380.5,1381.5,1,10
CB807,1381.5,1393.0,0,11
CB807,1393.0,1395.5,1,12
CB807,1395.5,1399.0,0,13
CB807,1399.0,1403.5,1,14
CB807,1403.5,1416.0,0,15
CB807,1416.0,1419.0,1,16
CB807,1419.0,1455.0,0,17
CB807,1455.0,1458.0,1,18
CB807,1458.0,1502.0,0,19
CB807,1502.0,1508.5,1,20
CB807,1508.5,1512.0,0,21
CB807,1512.0,1513.5,1,22
CB807,1513.5,1517.5,0,23
CB807,1517.5,1518.5,1,24
CB807,1518.5,1529.0,0,25
CB807,1529.0,1530.5,1,26
CB807,1530.5,1537.5,0,27
CB807,1537.5,1541.0,1,28
CB807,1541.0,1556.0,0,29
CB807,1556.0,1557.0,1,30
CB807,1557.0,1558.0,0,31
CB812,1224.0,1225.0,0,1
CB812,1225.0,1227.0,1,2
CB812,1227.0,1230.0,0,3
CB812,1230.0,1231.5,1,4
CB812,1231.5,1235.5,0,5
CB812,1235.5,1237.0,1,6
CB812,1237.0,1239.0,0,7
CB812,1239.0,1240.0,1,8
CB812,1240.0,1241.5,0,9
CB812,1241.5,1245.0,1,10
CB812,1245.0,1247.0,0,11
CB812,1247.0,1267.0,1,12
CB812,1267.0,1318.0,0,13
CB812,1318.0,1320.0,1,14
CB812,1320.0,1330.0,0,15
CB812,1330.0,1341.5,1,16
CB812,1341.5,1360.0,0,17
CB812,1360.0,1363.0,1,18
CB812,1363.0,1370.0,0,19
CB812,1370.0,1375.0,1,20
CB812,1375.0,1404.0,0,21
CB812,1404.0,1406.0,1,22
CB812,1406.0,1411.5,0,23
CB812,1411.5,1417.0,1,24
CB812,1417.0,1431.0,0,25
CB812,1431.0,1440.5,1,26
CB812,1440.5,1469.5,0,27
CB812,1469.5,1471.0,1,28
CB812,1471.0,1479.0,0,29
CB812,1479.0,1485.0,1,30
CB812,1485.0,1493.5,0,31
CB812,1493.5,1495.0,1,32
CB812,1495.0,1561.0,0,33
CB812,1561.0,1566.0,1,34
CB812,1566.0,1570.5,0,35
CB812,1570.5,1575.0,1,36
CB812,1575.0,1602.0,0,37
CB812,1602.0,1606.0,1,38
CB812,1606.0,1613.0,0,39
CB813,1239.0,1243.0,1,1
CB813,1243.0,1250.0,0,2
CB813,1250.0,1256.0,1,3
CB813,1256.0,1264.0,0,4
CB813,1264.0,1272.0,1,5
CB813,1272.0,1315.5,0,6
CB813,1315.5,1326.0,1,7
CB813,1326.0,1330.5,0,8
CB813,1330.5,1335.5,1,9
CB813,1335.5,1343.5,0,10
CB813,1343.5,1350.0,1,11
CB813,1350.0,1380.5,0,12
CB813,1380.5,1383.0,1,13
CB813,1383.0,1453.0,0,14
CB813,1453.0,1456.5,1,15
CB813,1456.5,1468.0,0,16
CB813,1468.0,1474.0,1,17
CB813,1474.0,1493.5,0,18
CB813,1493.5,1495.0,1,19
CB813,1495.0,1535.0,0,20
CB813,1535.0,1542.0,1,21
CB813,1542.0,1579.0,0,22
CB813,1579.0,1580.5,1,23
CB813,1580.5,1616.0,0,24
CB813,1616.0,1624.0,1,25
CB813,1624.0,1631.5,0,26
CB813,1631.5,1634.0,1,27
CB813,1634.0,1636.0,0,28
CB813,1636.0,1640.0,1,29
CB813,1640.0,1644.0,0,30
CB813,1644.0,1652.0,1,31
CB813,1652.0,1657.0,0,32
CB817,1400.0,1411.0,0,1,1
CB817,1411.0,1415.0,1,2
CB817,1415.0,1529.0,0,3
CB817,1529.0,1532.0,1,4
CB817,1532.0,1550.0,0,5
CB817,1550.0,1552.0,1,6
CB817,1552.0,1574.5,0,7
CB817,1574.5,1577.0,1,8
CB817,1577.0,1584.0,0,9
CB817,1584.0,1587.0,1,10
CB817,1587.0,1619.0,0,11
CB817,1619.0,1622.0,1,12
CB817,1622.0,1639.0,0,13
CB817,1639.0,1647.5,1,14
CB817,1647.5,1656.5,0,15
CB817,1656.5,1661.0,1,16
CB817,1661.0,1684.5,0,17
CB817,1684.5,1691.0,1,18
CB817,1691.0,1699.5,0,19
CB817,1699.5,1703.0,1,20
CB817,1703.0,1725.0,0,21
CB817,1725.0,1730.0,1,22
CB817,1730.0,1733.0,0,23
CB817,1733.0,1738.0,1,24
CB817,1738.0,1745.5,0,25
CB817,1745.5,1758.0,1,26
CB817,1758.0,1762.0,0,27
CB84,1288.0,1303.0,1,1
CB84,1303.0,1349.0,0,2
CB84,1349.0,1358.0,1,3
CB84,1358.0,1381.0,0,4
CB84,1381.0,1389.5,1,5
CB84,1389.5,1410.5,0,6
CB84,1410.5,1413.0,1,7
CB84,1413.0,1516.0,0,8
CB84,1516.0,1518.0,1,9
CB84,1518.0,1522.5,0,10
CB84,1522.5,1526.0,1,11
CB84,1526.0,1574.0,0,12
CB84,1574.0,1580.0,1,13
CB84,1580.0,1590.0,0,14
CB84,1590.0,1591.5,1,15
CB84,1591.5,1618.0,0,16
CB84,1618.0,1620.0,1,17
CB84,1620.0,1643.0,0,18
CB84,1643.0,1645.0,1,19
CB84,1645.0,1649.5,0,20
CB84,1649.5,1652.5,1,21
CB84,1652.5,1660.0,0,22
CB84,1660.0,1663.5,1,23
CB84,1663.5,1665.0,0,24
CB84,1665.0,1666.0,1,25
CB84,1666.0,1674.0,0,26
CBG10,1133.0,1141.5,0,1
CBG10,1141.5,1147.0,1,2
CBG10,1147.0,1157.5,0,3
CBG10,1157.5,1158.5,1,4
CBG10,1158.5,1224.0,0,5
CBG10,1224.0,1225.0,1,6
CBG10,1225.0,1231.5,0,7
CBG10,1231.5,1233.5,1,8
CBG10,1233.5,1237.0,0,9
CBG10,1237.0,1239.5,1,10
CBG10,1239.5,1277.5,0,11
CBG10,1277.5,1285.5,1,12
CBG10,1285.5,1302.0,0,13
CBG10,1302.0,1306.5,1,14
CBG10,1306.5,1317.0,0,15
CBG10,1317.0,1323.5,1,16
CBG10,1323.5,1343.5,0,17
CBG10,1343.5,1345.5,1,18
CBG10,1345.5,1388.0,0,19
CBG10,1388.0,1391.5,1,20
CBG10,1391.5,1394.5,0,21
CBG10,1394.5,1407.0,1,22
CBG10,1407.0,1455.5,0,23
CBG10,1455.5,1458.0,1,24
CBG10,1458.0,1481.0,0,25
CBG10,1481.0,1485.5,1,26
CBG10,1485.5,1516.0,0,27
CBG11,1209.0,1223.5,1,1
CBG11,1223.5,1275.0,0,2
CBG11,1275.0,1279.0,1,3
CBG11,1279.0,1308.0,0,4
CBG11,1308.0,1314.5,1,5
CBG11,1314.5,1351.0,0,6
CBG11,1351.0,1356.5,1,7
CBG11,1356.5,1411.0,0,8
CBG11,1411.0,1420.5,1,9
CBG11,1420.5,1498.0,0,10
CBG11,1498.0,1504.5,1,11
CBG11,1504.5,1532.5,0,12
CBG11,1532.5,1536.0,1,13
CBG11,1536.0,1538.5,0,14
CBG11,1538.5,1541.0,1,15
CBG11,1541.0,1548.0,0,16
CBG11,1548.0,1551.0,1,17
CBG11,1551.0,1557.0,0,18
CBG11,1557.0,1565.0,1,19
CBG11,1565.0,1572.0,0,20
CBG11,1572.0,1574.5,1,21
CBG11,1574.5,1580.5,0,22
CBG11,1580.5,1591.0,1,23
CBG11,1591.0,1596.0,0,24
CBG11,1596.0,1601.5,1,25
CBG11,1601.5,1608.0,0,26
CBG4,1213.0,1218.0,0,1
CBG4,1218.0,1231.0,1,2
CBG4,1231.0,1239.0,0,3
CBG4,1239.0,1245.0,1,4
CBG4,1245.0,1247.0,0,5
CBG4,1247.0,1253.0,1,6
CBG4,1253.0,1255.0,0,7
CBG4,1255.0,1259.0,1,8
CBG4,1259.0,1306.0,0,9
CBG4,1306.0,1318.0,1,10
CBG4,1318.0,1323.0,0,11
CBG4,1323.0,1330.0,1,12
CBG4,1330.0,1337.0,0,13
CBG4,1337.0,1340.0,1,14
CBG4,1340.0,1380.0,0,15
CBG4,1380.0,1383.0,1,16
CBG4,1383.0,1408.0,0,17
CBG4,1408.0,1418.0,1,18
CBG4,1418.0,1432.0,0,19
CBG4,1432.0,1437.0,1,20
CBG4,1437.0,1468.0,0,21
CBG4,1468.0,1470.0,1,22
CBG4,1470.0,1484.0,0,23
CBG4,1484.0,1486.5,1,24
CBG4,1486.5,1517.0,0,25
CBG4,1517.0,1520.0,1,26
CBG4,1520.0,1562.5,0,27
CBG4,1562.5,1564.0,1,28
CBG4,1564.0,1569.0,0,29
CBG4,1569.0,1572.0,1,30
CBG4,1572.0,1623.0,0,31
CBG406,1200.0,1207.0,1,1,1
CBG406,1207.0,1261.5,0,2
CBG406,1261.5,1264.5,1,3
CBG406,1264.5,1299.0,0,4
CBG406,1299.0,1301.0,1,5
CBG406,1301.0,1343.0,0,6
CBG406,1343.0,1352.8,1,7
CBG406,1352.8,1430.8,0,8
CBG406,1430.8,1438.5,1,9
CBG406,1438.5,1482.5,0,10
CBG406,1482.5,1485.5,1,11
CBG406,1485.5,1492.5,0,12
CBG406,1492.5,1494.0,1,13
CBG406,1494.0,1499.5,0,14
CBG406,1499.5,1501.0,1,15
CBG406,1501.0,1508.0,0,16
CBG406,1508.0,1512.0,1,17
CBG406,1512.0,1525.5,0,18
CBG406,1525.5,1530.5,1,19
CBG406,1530.5,1541.0,0,20
CD9,1208.0,1210.0,0,1
CD9,1210.0,1210.5,1,2
CD9,1210.5,1219.0,0,3
CD9,1219.0,1221.0,1,4
CD9,1221.0,1231.5,0,5
CD9,1231.5,1236.5,1,6
CD9,1236.5,1260.0,0,7
CD9,1260.0,1267.0,1,8
CD9,1267.0,1291.0,0,9
CD9,1291.0,1294.5,1,10
CD9,1294.5,1305.0,0,11
CD9,1305.0,1307.0,1,12
CD9,1307.0,1310.0,0,13
CD9,1310.0,1311.5,1,14
CD9,1311.5,1312.5,0,15
CD9,1312.5,1316.0,1,16
CD9,1316.0,1340.5,0,17
CD9,1340.5,1355.5,1,18
CD9,1355.5,1379.0,0,19
CD9,1379.0,1389.5,1,20
CD9,1389.5,1411.5,0,21
CD9,1411.5,1413.5,1,22
CD9,1413.5,1421.0,0,23
CD9,1421.0,1424.0,1,24
CD9,1424.0,1460.0,0,25
CD9,1460.0,1466.0,1,26
CD9,1466.0,1493.0,0,27
SHH10,1298.0,1307.0,1,1
SHH10,1307.0,1312.0,0,2
SHH10,1312.0,1329.0,1,3
SHH10,1329.0,1402.0,0,4
SHH10,1402.0,1405.0,1,5
SHH10,1405.0,1409.0,0,6
SHH10,1409.0,1411.0,1,7
SHH10,1411.0,1424.0,0,8
SHH10,1424.0,1428.0,1,9
SHH10,1428.0,1452.0,0,10
SHH10,1452.0,1454.0,1,11
SHH10,1454.0,1509.0,0,12
SHH10,1509.0,1513.0,1,13
SHH10,1513.0,1519.0,0,14
SHH10,1519.0,1529.0,1,15
SHH10,1529.0,1590.5,0,16
SHH10,1590.5,1593.0,1,17
SHH10,1593.0,1656.0,0,18
SHH10,1656.0,1659.0,1,19
SHH10,1659.0,1686.0,0,20
SHH10,1686.0,1688.0,1,21
SHH10,1688.0,1699.0,0,22
SHH10,1699.0,1700.5,1,23
SHH10,1700.5,1704.0,0,24
SHH10,1704.0,1707.0,1,25
SHH10,1707.0,1717.5,0,26
SHH10,1717.5,1718.5,1,27
SHH10,1718.5,1722.0,0,28
SHH10,1722.0,1724.0,1,29
SHH10,1724.0,1734.0,0,30
SHH10,1734.0,1738.0,1,31
SHH10,1738.0,1742.0,0,32
SHH2,1005.0,1015.5,0,1
SHH2,1015.5,1017.5,1,2
SHH2,1017.5,1050.0,0,3
SHH2,1050.0,1052.0,1,4
SHH2,1052.0,1062.0,0,5
SHH2,1062.0,1063.5,1,6
SHH2,1063.5,1070.0,0,7
SHH2,1070.0,1083.0,1,8
SHH2,1083.0,1118.5,0,9
SHH2,1118.5,1128.0,1,10
SHH2,1128.0,1156.5,0,11
SHH2,1156.5,1159.5,1,12
SHH2,1159.5,1166.0,0,13
SHH2,1166.0,1170.0,1,14
SHH2,1170.0,1210.0,0,15
SHH2,1209.8,1213.5,1,16
SHH2,1213.5,1234.0,0,17
SHH2,1234.0,1237.0,1,18
SHH2,1237.0,1243.5,0,19
SHH2,1243.5,1246.0,1,20
SHH2,1246.0,1252.5,0,21
SHH2,1252.3,1257.0,1,22
SHH2,1257.0,1265.0,0,23
SHH2,1264.5,1271.0,1,24
SHH2,1271.0,1286.0,0,25
SHH2,1286.0,1305.0,1,26
SHH2,1305.0,1324.0,0,27
SHH2,1324.0,1328.5,1,28
SHH2,1328.5,1350.5,0,29
SHH2,1350.5,1354.5,1,30
SHH2,1354.5,1362.0,0,31
SHH2,1362.0,1366.5,1,32
SHH2,1366.5,1375.0,0,33
SHH202,1079.0,1082.0,1,1
SHH202,1082.0,1090.0,0,2
SHH202,1090.0,1093.0,1,3
SHH202,1093.0,1106.0,0,4
SHH202,1106.0,1110.0,1,5
SHH202,1110.0,1130.5,0,6
SHH202,1130.5,1132.5,1,7
SHH202,1132.5,1186.5,0,8
SHH202,1186.5,1191.0,1,9
SHH202,1191.0,1225.5,0,10
SHH202,1225.5,1229.0,1,11
SHH202,1229.0,1240.0,0,12
SHH202,1240.0,1242.0,1,13
SHH202,1242.0,1274.0,0,14
SHH202,1274.0,1275.5,1,15
SHH202,1275.5,1333.0,0,16
SHH202,1332.9,1336.0,1,17
SHH202,1336.0,1353.0,0,18
SHH202,1352.2,1354.0,1,19
SHH202,1354.0,1360.0,0,20
SHH202,1360.0,1363.0,1,21
SHH202,1363.0,1370.5,0,22
SHH202,1370.5,1372.0,1,23
SHH202,1372.0,1373.5,0,24
SHH202,1373.5,1384.0,1,25
SHH202,1384.0,1400.0,0,26
SHH202,1400.0,1403.5,1,27
SHH202,1403.5,1404.5,0,28
SHH202,1404.5,1406.0,1,29
SHH202,1406.0,1414.0,0,30
SHH202,1414.0,1416.5,1,31
SHH202,1416.5,1428.0,0,32
SHH202,1428.0,1434.5,1,33
SHH202,1434.5,1442.0,0,34
SHH3,1116.0,1117.0,0,1
SHH3,1117.0,1128.0,1,2
SHH3,1128.0,1131.0,0,3
SHH3,1131.0,1134.0,1,4
SHH3,1134.0,1143.0,0,5
SHH3,1143.0,1147.0,1,6
SHH3,1147.0,1161.0,0,7
SHH3,1161.0,1164.0,1,8
SHH3,1164.0,1166.0,0,9
SHH3,1166.0,1171.0,1,10
SHH3,1171.0,1232.0,0,11
SHH3,1232.0,1233.5,1,12
SHH3,1233.5,1263.0,0,13
SHH3,1263.0,1267.0,1,14
SHH3,1267.0,1283.0,0,15
SHH3,1283.0,1284.0,1,16
SHH3,1284.0,1312.0,0,17
SHH3,1312.0,1317.0,1,18
SHH3,1317.0,1354.0,0,19
SHH3,1354.0,1359.0,1,20
SHH3,1359.0,1374.0,0,21
SHH3,1374.0,1376.0,1,22
SHH3,1376.0,1383.0,0,23
SHH3,1383.0,1384.0,1,24
SHH3,1384.0,1388.0,0,25
SHH3,1388.0,1389.0,1,26
SHH3,1389.0,1391.0,0,27
SHH3,1391.0,1394.0,1,28
SHH3,1394.0,1399.0,0,29
SHH3,1399.0,1405.0,1,30
SHH3,1405.0,1410.0,0,31
SHH3,1410.0,1414.0,1,32
SHH3,1414.0,1417.0,0,33
SHH3,1417.0,1419.0,1,34
SHH3,1419.0,1420.0,0,35
SHH3,1420.0,1422.0,1,36
SHH3,1422.0,1427.0,0,37
SHH3,1427.0,1428.0,1,38
SHH3,1428.0,1443.0,0,39
SHH3,1443.0,1444.0,1,40
SHH3,1444.0,1449.0,0,41
SHH3,1449.0,1450.0,1,42
SHH3,1450.0,1460.0,0,43
SHH3,1460.0,1467.0,1,44
SHH4,1079.13,1080.0,0,1
SHH4,1080.0,1081.0,1,2
SHH4,1081.0,1116.0,0,3
SHH4,1116.0,1126.0,1,4
SHH4,1126.0,1139.5,0,5
SHH4,1139.5,1145.5,1,6
SHH4,1145.5,1159.0,0,7
SHH4,1159.0,1161.0,1,8
SHH4,1161.0,1192.0,0,9
SHH4,1192.0,1204.0,1,10
SHH4,1204.0,1207.0,0,11
SHH4,1207.0,1208.0,1,12
SHH4,1208.0,1211.5,0,13
SHH4,1211.5,1220.5,1,14
SHH4,1220.5,1259.5,0,15
SHH4,1258.3,1264.5,1,16
SHH4,1264.5,1267.5,0,17
SHH4,1267.5,1269.0,1,18
SHH4,1269.0,1271.0,0,19
SHH4,1271.0,1272.0,1,20
SHH4,1272.0,1291.5,0,21
SHH4,1291.5,1296.5,1,22
SHH4,1296.5,1321.5,0,23
SHH4,1321.5,1322.5,1,24
SHH4,1322.5,1332.0,0,25
SHH4,1332.0,1336.5,1,26
SHH4,1336.5,1351.0,0,27
SHH4,1351.0,1356.5,1,28
SHH4,1356.5,1360.5,0,29
SHH4,1360.5,1363.0,1,30
SHH4,1363.0,1370.0,0,31
SHH4,1370.0,1372.5,1,32
SHH4,1372.5,1375.0,0,33
SHH4,1375.0,1379.5,1,34
SHH4,1379.5,1386.5,0,35
SHH4,1386.5,1390.0,1,36
SHH4,1390.0,1397.5,0,37
SHH4,1397.5,1398.5,1,38
SHH4,1398.5,1401.0,0,39
SHH4,1398.6,1405.5,1,40
SHH4,1405.5,1411.0,0,41
SHH4,1411.0,1417.0,1,42
SHH4,1417.0,1418.5,0,43
SHH4,1418.5,1423.0,1,44
SHH4,1423.0,1427.5,0,45
SHH4,1427.5,1431.44,1,46
SHH5,1209.0,1226.0,0,1
SHH5,1226.0,1242.0,1,2
SHH5,1242.0,1253.0,0,3
SHH5,1253.0,1267.0,1,4
SHH5,1267.0,1272.0,0,5
SHH5,1272.0,1275.0,1,6
SHH5,1275.0,1280.5,0,7
SHH5,1280.5,1283.5,1,8
SHH5,1283.5,1298.5,0,9
SHH5,1298.5,1307.0,1,10
SHH5,1307.0,1332.5,0,11
SHH5,1332.5,1356.0,1,12
SHH5,1356.0,1361.0,0,13
SHH5,1361.0,1368.0,1,14
SHH5,1368.0,1384.0,0,15
SHH5,1384.0,1388.0,1,16
SHH5,1388.0,1406.0,0,17
SHH5,1406.0,1408.0,1,18
SHH5,1408.0,1486.0,0,19
SHH5,1486.0,1487.5,1,20
SHH5,1487.5,1489.5,0,21
SHH5,1489.5,1491.0,1,22
SHH5,1491.0,1567.0,0,23
SHH5,1567.0,1570.0,1,24
SHH5,1570.0,1578.0,0,25
SHH5,1578.0,1582.0,1,26
SHH5,1582.0,1593.0,0,27
SHH6,1121.0,1122.5,0,1
SHH6,1122.5,1133.5,1,2
SHH6,1133.5,1135.0,0,3
SHH6,1135.0,1138.0,1,4
SHH6,1138.0,1165.5,0,5
SHH6,1165.5,1168.0,1,6
SHH6,1168.0,1179.0,0,7
SHH6,1179.0,1180.0,1,8
SHH6,1180.0,1219.0,0,9
SHH6,1219.0,1220.0,1,10
SHH6,1220.0,1222.0,0,11
SHH6,1222.0,1223.5,1,12
SHH6,1223.5,1260.0,0,13
SHH6,1260.0,1269.5,1,14
SHH6,1269.5,1275.5,0,15
SHH6,1275.5,1286.0,1,16
SHH6,1286.0,1293.0,0,17
SHH6,1293.0,1296.0,1,18
SHH6,1296.0,1314.0,0,19
SHH6,1314.0,1315.5,1,20
SHH6,1315.5,1334.0,0,21
SHH6,1333.6,1343.5,1,22
SHH6,1343.5,1354.0,0,23
SHH6,1354.0,1357.0,1,24
SHH6,1357.0,1377.0,0,25
SHH6,1377.0,1379.0,1,26
SHH6,1379.0,1394.0,0,27
SHH6,1394.0,1395.0,1,28
SHH6,1395.0,1408.0,0,29
SHH6,1408.0,1409.0,1,30
SHH6,1409.0,1425.0,0,31
SHH6,1425.0,1426.5,1,32
SHH6,1426.5,1440.0,0,33
SHH6,1440.0,1448.5,1,34
SHH6,1448.5,1459.0,0,35
SHH6,1459.0,1461.0,1,36
SHH6,1461.0,1473.0,0,37
SHH6,1473.0,1476.0,1,38
SHH7,1194.0,1207.5,0,1
SHH7,1207.5,1209.5,1,2
SHH7,1209.5,1220.5,0,3
SHH7,1220.5,1225.0,1,4
SHH7,1225.0,1275.0,0,5
SHH7,1275.0,1277.5,1,6
SHH7,1277.5,1281.5,0,7
SHH7,1281.5,1284.0,1,8
SHH7,1284.0,1300.5,0,9
SHH7,1300.5,1307.5,1,10
SHH7,1307.5,1329.0,0,11
SHH7,1328.9,1332.5,1,12
SHH7,1332.5,1334.5,0,13
SHH7,1334.5,1345.5,1,14
SHH7,1345.5,1438.5,0,15
SHH7,1438.4,1443.0,1,16
SHH7,1443.0,1456.0,0,17
SHH7,1456.0,1459.0,1,18
SHH7,1459.0,1462.5,0,19
SHH7,1462.5,1464.0,1,20
SHH7,1464.0,1469.0,0,21
SHH7,1469.0,1471.5,1,22
SHH7,1471.5,1513.5,0,23
SHH7,1513.5,1521.0,1,24
SHH7,1521.0,1537.0,0,25
SHH7,1537.0,1539.0,1,26
SHH8,1258.0,1269.0,0,1
SHH8,1269.0,1285.5,1,2
SHH8,1285.5,1289.0,0,3
SHH8,1289.0,1293.0,1,4
SHH8,1293.0,1298.0,0,5
SHH8,1298.0,1303.0,1,6
SHH8,1303.0,1325.0,0,7
SHH8,1325.0,1333.0,1,8
SHH8,1333.0,1355.0,0,9
SHH8,1355.0,1357.0,1,10
SHH8,1357.0,1395.0,0,11
SHH8,1395.0,1396.5,1,12
SHH8,1396.5,1409.0,0,13
SHH8,1409.0,1412.5,1,14
SHH8,1412.5,1434.0,0,15
SHH8,1434.0,1446.5,1,16
SHH8,1446.5,1460.0,0,17
SHH8,1460.0,1462.5,1,18
SHH8,1462.5,1485.0,0,19
SHH8,1485.0,1487.5,1,20
SHH8,1487.5,1570.0,0,21
SHH8,1570.0,1573.0,1,22
SHH8,1573.0,1578.5,0,23
SHH8,1578.5,1581.0,1,24
SHH8,1581.0,1592.0,0,25
SHH8,1592.0,1596.0,1,26
SHH8,1596.0,1600.5,0,27
SHH8,1600.5,1602.5,1,28
SHH8,1602.5,1610.0,0,29
SHH8,1610.0,1618.5,1,30
SHH8,1618.5,1625.5,0,31
SHH8,1625.5,1629.0,1,32
SHH8,1629.0,1642.0,0,33
SHH801,1230.0,1245.0,0,1
SHH801,1245.0,1269.5,1,2
SHH801,1269.5,1272.5,0,3
SHH801,1272.5,1278.0,1,4
SHH801,1278.0,1303.0,0,5
SHH801,1303.0,1316.5,1,6
SHH801,1316.5,1324.5,0,7
SHH801,1324.5,1333.0,1,8
SHH801,1333.0,1342.5,0,9
SHH801,1342.5,1350.0,1,10
SHH801,1350.0,1381.5,0,11
SHH801,1381.5,1386.0,1,12
SHH801,1386.0,1392.0,0,13
SHH801,1392.0,1396.0,1,14
SHH801,1396.0,1408.5,0,15
SHH801,1408.5,1414.0,1,16
SHH801,1414.0,1440.0,0,17
SHH801,1440.0,1441.5,1,18
SHH801,1441.5,1463.5,0,19
SHH801,1463.5,1465.0,1,20
SHH801,1465.0,1495.0,0,21
SHH801,1495.0,1496.5,1,22
SHH801,1496.5,1537.0,0,23
SHH801,1537.0,1539.0,1,24
SHH801,1539.0,1550.5,0,25
SHH801,1550.5,1564.0,1,26
SHH801,1564.0,1572.0,0,27
SHH801,1572.0,1575.5,1,28
SHH801,1575.5,1579.0,0,29
SHH801,1579.0,1586.5,1,30
SHH801,1586.5,1588.0,0,31
SHH801,1588.0,1597.5,1,32
SHH801,1597.5,1610.0,0,33
SHHG1,1106.0,1134.5,0,1
SHHG1,1134.5,1136.0,1,2
SHHG1,1136.0,1194.0,0,3
SHHG1,1194.0,1209.0,1,4
SHHG1,1209.0,1237.0,0,5
SHHG1,1237.0,1238.0,1,6
SHHG1,1238.0,1244.5,0,7
SHHG1,1244.5,1245.5,1,8
SHHG1,1245.5,1256.5,0,9
SHHG1,1256.5,1258.0,1,10
SHHG1,1258.0,1262.5,0,11
SHHG1,1262.5,1267.0,1,12
SHHG1,1267.0,1272.5,0,13
SHHG1,1272.5,1276.0,1,14
SHHG1,1276.0,1294.5,0,15
SHHG1,1294.5,1296.0,1,16
SHHG1,1296.0,1338.5,0,17
SHHG1,1338.5,1345.5,1,18
SHHG1,1345.5,1348.5,0,19
SHHG1,1348.5,1351.0,1,20
SHHG1,1351.0,1389.5,0,21
SHHG1,1389.5,1393.5,1,22
SHHG1,1393.5,1407.0,0,23
SHHG1,1407.0,1408.0,1,24
SHHG1,1408.0,1422.5,0,25
SHHG1,1422.5,1441.0,1,26
SHHG1,1441.0,1447.0,0,27
SHHG1,1447.0,1448.0,1,28
SHHG1,1448.0,1464.0,0,29
SHHG1,1464.0,1473.5,1,30
SHHG1,1473.5,1477.0,0,31
SHHG1,1477.0,1479.5,1,32
SHHG1,1479.5,1481.0,0,33
SHHG1,1481.0,1484.5,1,34
SHHG1,1484.5,1486.0,0,35
SHHG2,1128.0,1131.5,1,1
SHHG2,1131.5,1145.0,0,2
SHHG2,1145.0,1150.5,1,3
SHHG2,1150.5,1175.5,0,4
SHHG2,1175.5,1177.5,1,5
SHHG2,1177.5,1184.0,0,6
SHHG2,1184.0,1192.0,1,7
SHHG2,1192.0,1236.0,0,8
SHHG2,1236.0,1246.5,1,9
SHHG2,1246.5,1277.0,0,10
SHHG2,1277.0,1293.0,1,11
SHHG2,1293.0,1306.0,0,12
SHHG2,1306.0,1308.5,1,13
SHHG2,1308.5,1322.0,0,14
SHHG2,1322.0,1325.0,1,15
SHHG2,1325.0,1365.5,0,16
SHHG2,1365.5,1366.5,1,17
SHHG2,1366.5,1375.0,0,18
SHHG2,1375.0,1376.0,1,19
SHHG2,1376.0,1398.0,0,20
SHHG2,1398.0,1405.0,1,21
SHHG2,1405.0,1412.0,0,22
SHHG2,1412.0,1413.0,1,23
SHHG2,1413.0,1420.0,0,24
SHHG2,1420.0,1420.5,1,25
SHHG2,1420.5,1422.0,0,26
SHHG2,1422.0,1427.0,1,27
SHHG2,1427.0,1449.5,0,28
SHHG2,1449.5,1451.5,1,29
SHHG2,1451.5,1469.0,0,30
SHHG2,1469.0,1471.0,1,31
SHHG2,1471.0,1476.0,0,32
SHHG2,1476.0,1477.5,1,33
SHHG2,1477.5,1481.5,0,34
SHHG2,1481.5,1489.0,1,35
SHHG3,1155.0,1157.5,0,1
SHHG3,1157.5,1180.0,1,2
SHHG3,1180.0,1223.0,0,3
SHHG3,1223.0,1235.5,1,4
SHHG3,1235.5,1236.5,0,5
SHHG3,1236.5,1244.0,1,6
SHHG3,1244.0,1259.0,0,7
SHHG3,1259.0,1261.0,1,8
SHHG3,1261.0,1268.0,0,9
SHHG3,1268.0,1277.0,1,10
SHHG3,1277.0,1375.5,0,11
SHHG3,1375.5,1377.0,1,12
SHHG3,1377.0,1383.5,0,13
SHHG3,1383.5,1387.0,1,14
SHHG3,1387.0,1391.0,0,15
SHHG3,1391.0,1395.0,1,16
SHHG3,1395.0,1446.5,0,17
SHHG3,1446.5,1455.0,1,18
SHHG3,1455.0,1475.5,0,19
SHHG3,1475.5,1478.0,1,20
SHHG3,1478.0,1480.0,0,21
SHHG3,1480.0,1481.5,1,22
SHHG3,1481.5,1491.0,0,23
SHHG3,1491.0,1492.5,1,24
SHHG3,1492.5,1494.0,0,25
SHHG3,1494.0,1505.0,1,26
SHHG3,1505.0,1527.5,0,27
SHHG3,1527.5,1532.0,1,28
SHHG3,1532.0,1536.0,0,29
SHHG3,1536.0,1538.5,1,30
SHHG3,1538.5,1547.0,0,31
